문장,유형,극성,시제,확실성,label
비가 내리는 지역에서는 돌풍과 함께 천둥·번개가 치고 일부 지역에선 우박이 떨어지는 곳이 있을 예정이다.,예측형,긍정,미래,불확실,예측형-긍정-미래-불확실
＂OTT 사업을 처음부터 직접 키우려 했다면 쿠팡플레이의 ＇타임 투 마켓＇은 2년이 걸렸을 것이다.＂,예측형,부정,과거,확실,예측형-부정-과거-확실
해상에서는 서해상을 중심으로 돌풍과 함께 천둥·번개가 치는 곳이 있겠다.,예측형,미정,미래,불확실,예측형-미정-미래-불확실
정부는 단기 유동성에 기여하는 무역금융을 지원해 금융권과 함께 기업의 자금 애로를 선제적으로 해소할 예정이다.,예측형,긍정,미래,확실,예측형-긍정-미래-확실
"또한 정부는 또 화물차와 택시 등 경유 차량으로 생계를 잇는 사람들을 대상으로 지원하는 경유 유가연동보조금 지원 기준단가를 리터당 1천750원에서 1천700원으로 내리고, 국내선 항공유에 할당관세를 적용할 방침이다.",예측형,긍정,미래,확실,예측형-긍정-미래-확실
이에 따라 여행사나 항공사가 소액 외국환 매매 신청 등을 대리하거나 백화점 등 유통업체가 소액 대출을 중개하는 업무가 가능해질 것으로 전망된다.,예측형,긍정,미래,불확실,예측형-긍정-미래-불확실
그런 만큼 ＇미국의 시대＇는 올해 11월 대선에서 재선을 노리는 트럼프 대통령의 선거 유세 기간 내내 등장할 키워드가 될 것으로 보인다.,예측형,긍정,미래,불확실,예측형-긍정-미래-불확실
해외 석탄발전소와 광산 등도 처분해 1조9000억원을 마련할 계획이다.,예측형,긍정,미래,불확실,예측형-긍정-미래-불확실
오는 7월 14~17일 코엑스에서 개최되는 이번 박람회에서는 다양한 강연을 마련해 금융전문가의 신중년 재무설계 강의 등도 열린다.,예측형,긍정,미래,확실,예측형-긍정-미래-확실
이용자들과 함께 게임에 대한 보다 상세한 내용을 나누고 직접 게임을 선보일 예정이다.,예측형,긍정,미래,불확실,예측형-긍정-미래-불확실
"또 한국시니어연구소, 아리아케어 등 기업과 공공기관 담당자가 참여하는 ＇실버산업 발전 방향＇에 대한 포럼도 개최될 예정이다.",예측형,긍정,미래,불확실,예측형-긍정-미래-불확실
이를 위해 오는 7월 1일 ＇위믹스3.0＇의 테스트넷을 공개하고 위믹스 월렛과 거버넌스 디앱을 온보딩한다.,예측형,긍정,미래,확실,예측형-긍정-미래-확실
사용자 확대를 기반으로 비디오몬스터는 글로벌 진출을 가속할 계획이다.,예측형,긍정,미래,불확실,예측형-긍정-미래-불확실
재단측에서는 토큰을 활용한 거버넌스 탈중앙화를 추진하고 감시 노드 구축과 운영에 대한 보상을 제공함으로써 보안 수준을 높일 방침이다.,예측형,긍정,미래,확실,예측형-긍정-미래-확실
이날부터 임기가 시작된 윤 행장은 한동안 출근이 어려울 것으로 예상된다.,예측형,긍정,미래,불확실,예측형-긍정-미래-불확실
서울 종로구에 거주하는 회사원 A씨는 8월에 폐암 수술을 받을 예정이다.,예측형,긍정,미래,불확실,예측형-긍정-미래-불확실
미세먼지 농도는 전 권역이 ＇좋음＇∼＇보통＇ 수준을 보이겠다.,예측형,긍정,미래,불확실,예측형-긍정-미래-불확실
콘진원은 게임개발 이외 인력이 부족한 중소게임사를 돕고자 게임 전담 PM을 배정해 해외진출 경험이 없더라도 해외에 게임을 출시할 수 있도록 전략 컨설팅을 기본적으로 제공할 예정이다.,예측형,긍정,미래,불확실,예측형-긍정-미래-불확실
제9호 태풍 ＇마이삭＇이 오는 2~3일 전국에 강한 바람과 함께 일부 지역에는 400㎜ 이상의 물폭탄이 예상된다.,예측형,미정,미래,불확실,예측형-미정-미래-불확실
정부가 비트코인 등에 투자하는 국민이 늘어난 세태를 반영해 2년 뒤 가구별 가상자산 현황을 공표하는 방안을 추진한다.,예측형,긍정,현재,확실,예측형-긍정-현재-확실
"그는 이번 강연에서 놀이와 게임의 과거, 현재를 고찰하고 미래에 대한 고민을 펼칠 예정이다.",예측형,긍정,미래,불확실,예측형-긍정-미래-불확실
또한 납부유예 제도를 신설해 가업 상속을 원하는 기업이 가업상속공제와 상속세 납부유예를 선택할 수 있도록 할 계획이다.,예측형,긍정,미래,확실,예측형-긍정-미래-확실
시스템 반도체의 경우 2030년에는 필요한 수요가 3400명에 달하지만 실제 공급 인력은 900명에 그칠 것으로 예상했다.,예측형,긍정,과거,확실,예측형-긍정-과거-확실
"하지만 행동주의 심리학자 B F 스키너와 상의했다면 성장 과정의 실제 경험, 즉 사건을 살폈을 것이다.",예측형,긍정,과거,불확실,예측형-긍정-과거-불확실
확인된 의견은 향후 업데이트 계획을 수립에 적극 참고한다.,예측형,긍정,미래,확실,예측형-긍정-미래-확실
양사는 이번 협약을 통해 스튜디오산타클로스의 소속 아티스트와 보유 콘텐츠에 NFT 기술을 적용해 블록체인 기반 엔터테인먼트 분야 생태계 확장을 공동 추진할 계획이다.,예측형,긍정,미래,확실,예측형-긍정-미래-확실
"오버다임의 강철수 대표는 사우디아라비아 행 선박은 2020년 2월 중으로 진행이 될 것으로 예정되어 있다고 말해, 오버다임의 제품들을 실은 선적들이 계속해서 우리나라 항만에서 떠날 것으로 보여 진다.",예측형,긍정,현재,확실,예측형-긍정-현재-확실
여기에 다양한 NFT를 활용해 전략성을 높일 계획이다.,예측형,긍정,미래,불확실,예측형-긍정-미래-불확실
이 때문에 롯데카드처럼 사모투자펀드와 함께 일부 지분을 투자하는 형태로 접근하거나 별도 사모펀드를 조성해 주요 지분을 갖는 방식을 취할 것으로 보인다.,예측형,긍정,미래,불확실,예측형-긍정-미래-불확실
＂미국 가상자산 규제 법안 적용 되면 다소 조정효과를 불러오겠지만 비트코인과 이더리움은 상품으로써 입지를 공고히 하게 될 것이다＂,예측형,긍정,미래,불확실,예측형-긍정-미래-불확실
360가구였던 유원제일1차는 재건축 사업이 완료되면 총 554가구로 탈바꿈할 전망이다.,예측형,긍정,미래,불확실,예측형-긍정-미래-불확실
"일부 서해안과 수도권 지역, 강원 영서 중·북부에는 아침에 이슬비가 내리는 곳이 있겠다.",예측형,긍정,미래,불확실,예측형-긍정-미래-불확실
한편 17일 낮 기온이 전날 대비 3~5도 내외로 올라 평년보다 조금 높겠다.,예측형,미정,미래,불확실,예측형-미정-미래-불확실
아울러 중국과 미국 외에서 만든 비영어 영화가 도달한 적 없는 전 세계 5억달러 수입도 가능할 것으로 관측된다.,예측형,긍정,미래,불확실,예측형-긍정-미래-불확실
우크라이나 전쟁에 따른 EU의 LNG선 수요가 늘어난 점도 국내 조선사에 긍정적인 영향을 미칠 전망이다.,예측형,긍정,미래,불확실,예측형-긍정-미래-불확실
미츠하시를 혼낼 수 있는 유일한 여자 캐릭터 ＇리코＇ 역을 ＇도쿄 트라이브＇의 액션 히로인 세이노 나나가 맡아 스턴트 뺨치는 리얼한 액션을 선보인다.,예측형,긍정,현재,확실,예측형-긍정-현재-확실
이달 24~27일 스페인 바르셀로나에서 열리는 세계최대 모바일 전시회 모바일월드 콩그레스에 참가하는 국내 기업들도 줄어들 것으로 보인다.,예측형,부정,현재,불확실,예측형-부정-현재-불확실
"이튿날인 18일 아침최저기온은 19~23도, 낮최고기온은 26~32도를 기록할 전망이다.",예측형,미정,미래,불확실,예측형-미정-미래-불확실
다만 공원을 만들 재원 마련에 서울시와 용산구가 이견을 보여 실제로 공원이 조성되기까지 상당한 시일이 걸릴 전망이다.,예측형,긍정,미래,불확실,예측형-긍정-미래-불확실
"뉴욕타임스는 ＂이번 주 회의에서 1994년 이후 가장 큰 금리 인상을 논의할 것으로 보인다＂고 전했고, CNBC도 0.75%포인트 인상 움직임의 가능성이 있다고 예측했다.",예측형,긍정,과거,확실,예측형-긍정-과거-확실
강원 영동은 ＇보통＇ 수준으로 예상됐다.,예측형,긍정,과거,불확실,예측형-긍정-과거-불확실
지금까지는 RM이 윤형근 작가 소품을 구입한 것으로 알려졌지만 본격적인 컬렉터로 발전할 가능성이 높은 것으로 내다보고 있다.,예측형,긍정,현재,불확실,예측형-긍정-현재-불확실
카카오게임즈의 기대작 ＇우마무스메 프리티더비＇가 20일 오전 11시 출격한다.,예측형,긍정,미래,확실,예측형-긍정-미래-확실
숙박 O2O 플랫폼 업계 1·2위를 차지하고 있는 야놀자와 여기어때가 작년 한 해 나란히 인수·합병을 통해 몸집을 키우거나 중심을 잡아 나감에 따라 향후 이들 간에 경쟁이 더욱 치열해질 전망이다.,예측형,미정,미래,불확실,예측형-미정-미래-불확실
이번 거버넌스 토큰 발행과 탈중앙화를 통해 감시 노드의 수를 늘리고 개발자 참여를 독려할 계획이다.,예측형,긍정,미래,확실,예측형-긍정-미래-확실
행정지도가 종료되면 7월부터 총부채원리금상환비율이 허용하는 한도 내에서 예전처럼 자신 연봉의 1.5~2배에 달하는 마이너스통장 등 신용대출이 가능해질 전망이다.,예측형,긍정,미래,불확실,예측형-긍정-미래-불확실
하지만 디아블로는 전통적으로 이용자가 직접 캐릭터를 조작해 악당을 물리치는 ＇타격감＇과 ＇손맛＇을 중시한 만큼 기존과 같이 수동 전투만을 지원한다는 계획이다.,예측형,긍정,미래,불확실,예측형-긍정-미래-불확실
"예상 강수량은 5∼40㎜로, 충남서해안과 전라권서부엔 5㎜ 내외의 비가 내리겠다.",예측형,미정,미래,불확실,예측형-미정-미래-불확실
다만 정유 업계의 경우 2020년부터 선박의 황 함유량을 기존 3.5%에서 0.5%로 줄이는 국제해사기구 규제가 시행되면서 저유황유에 대한 판매·수출이 지난해 4분기부터 조금씩 늘어나고 있는 만큼 일시적으로나마 숨통이 트일 것으로 전망하고 있다.,예측형,긍정,현재,불확실,예측형-긍정-현재-불확실
사용자의 생체 정보부터 선호 정보까지 입력되면 그에게 맞는 맞춤식 전략이 도출되고 그 전략에 따라 AI가 추천 알고리즘으로 맞춤 식단과 운동 코칭 서비스를 제공하는 것도 가능해질 전망이다.,예측형,긍정,미래,불확실,예측형-긍정-미래-불확실
지금까지는 일부 업체에 한해 생산 차질이 빚어졌지만 앞으로는 자동차업계 전반으로 피해가 확산할 것이라는 전망이다.,예측형,긍정,미래,불확실,예측형-긍정-미래-불확실
토요일인 4일은 전국이 대체로 맑겠으나 중부 지방은 오전에 구름이 많겠다.,예측형,긍정,미래,불확실,예측형-긍정-미래-불확실
블루포션게임즈는 ＇에오스＇의 기존 퍼블리싱 계약 종료에 따라 19일부터 ＇에오스: 더블루＇로 명칭을 변경하고 대규모 콘텐츠 업데이트와 함께 직접서비스를 실시할 예정이다.,예측형,긍정,미래,확실,예측형-긍정-미래-확실
"먼바다 파고는 서해 0.5∼2.0ｍ, 남해 0.5∼2.5ｍ, 동해 1.0∼3.0ｍ로 예보됐다.",예측형,긍정,과거,확실,예측형-긍정-과거-확실
그에 대한 결과를 보면 아미그달린이 위암 치료의 중요한 수단으로 사용될 수 있는 가능성을 보여준다.,예측형,긍정,현재,확실,예측형-긍정-현재-확실
코픽스 금리가 조정됨에 따라 시중은행의 코픽스 연동대출 금리도 곧 바뀔 전망이다.,예측형,긍정,미래,불확실,예측형-긍정-미래-불확실
향후 대면창구와 동일한 수준까지 업무영역을 확대할 방침이다.,예측형,긍정,미래,불확실,예측형-긍정-미래-불확실
비디오몬스터는 사용자가 만든 영상의 객체정보와 위치정보를 활용해 다양한 사업을 전개할 계획이다.,예측형,긍정,미래,불확실,예측형-긍정-미래-불확실
"KB국민·신한·하나·우리·IBK기업, NH농협은행 등 6대 은행은 7월 4~25일 박람회 홈페이지를 통해 서류전형 신청을 접수하고, 서류전형 통과자에게 8월 24일과 25일 박람회 현장면접 기회를 제공한다.",예측형,긍정,미래,확실,예측형-긍정-미래-확실
"상업용 비행 분야에서 자동 조종 기술은 오래전부터 존재했으나, 심현철 카이스트 항공우주공학 교수에 의하면 헬기 조종사들은 일자리를 제일 먼저 잃은 직군이 될 것이다.",예측형,긍정,미래,확실,예측형-긍정-미래-확실
김창룡 경찰청장은 경찰 내부망에 ＂결코 직에 연연하지 않고 역사에 당당한 청장이 되겠다＂고 밝혀 갈등이 한층 격화할 것으로 전망된다.,예측형,긍정,미래,불확실,예측형-긍정-미래-불확실
또 대기업들의 투자가 신속히 진행될 수 있도록 간선도로와 상하수도 등 기반시설은 갖췄지만 아직 조성 계획이 수립되지 않은 ＇원형지＇를 즉시 공급할 수 있도록 할 계획이다.,예측형,긍정,미래,확실,예측형-긍정-미래-확실
"바다의 물결은 서해 앞바다에서 0.5ｍ, 남해 앞바다에서 0.5∼1.0ｍ, 동해 앞바다에서 0.5∼1.5ｍ 높이로 일겠다.",예측형,긍정,미래,불확실,예측형-긍정-미래-불확실
또 이들 기관은 17일부터 박람회를 위한 홈페이지를 개설해 금융권 상시 채용정보 플랫폼으로 운영한다.,예측형,긍정,미래,확실,예측형-긍정-미래-확실
고농도 미세먼지는 대기 정체로 국내 발생 미세먼지가 축적되고 중국 등 다른 나라에서 유입되는 오염물질이 더해지면서 주말까지 계속될 것으로 예상된다.,예측형,긍정,미래,불확실,예측형-긍정-미래-불확실
"팔지 않는 기업, 여기에 동조해 사지 않는 소비자는 계속 늘어날 전망이다.",예측형,긍정,미래,불확실,예측형-긍정-미래-불확실
이와 관련해 정부는 알뜰교통카드 이용자도 현 39만명에서 연말까지 45만명으로 늘릴 계획이다.,예측형,긍정,미래,불확실,예측형-긍정-미래-불확실
"특히 독감백신, 수두백신, B형간염백신 등 다양한 백신 개발을 통해 축적된 연구개발 역량이 코로나19 백신 개발에도 적용될 전망이다.",예측형,긍정,미래,확실,예측형-긍정-미래-확실
이에 더해 신종 코로나 사태가 장기화될 조짐을 보임에 따라 비트코인이 주요 수혜자가 될 것으로 전망했다.,예측형,긍정,과거,불확실,예측형-긍정-과거-불확실
숏폼 영상 자동 제작 솔루션 기업 비디오몬스터가 롱폼 영상 편집 애플리케이션 ＇비브＇를 다음달 출시한다.,예측형,긍정,미래,불확실,예측형-긍정-미래-불확실
"중국의 봉쇄 조치가 점진적으로 완화되기 시작하고, 미국은 드라이빙 시즌에 진입하면서 휴가철 원유 수요 급증이 예상된다.",예측형,긍정,미래,불확실,예측형-긍정-미래-불확실
대형 신작이 뜸했던 국내 모바일게임 시장이 순위 경쟁으로 달아오를 전망이다.,예측형,긍정,미래,불확실,예측형-긍정-미래-불확실
이날 코픽스 금리 상승으로 16일부터 시중은행 대출금리가 뛰어오를 것으로 전망된다.,예측형,긍정,미래,불확실,예측형-긍정-미래-불확실
앞으로도 한국 게임사들과의 협력을 늘릴 예정이며 관련 소식도 계속해서 공개될 것이다.,예측형,긍정,미래,불확실,예측형-긍정-미래-불확실
국가경찰위 역시 자체 자문단을 꾸리는 등 행보로 맞서고 있어 향후 행안부와의 권한 충돌 논란이 거세질 것으로 보인다.,예측형,긍정,미래,불확실,예측형-긍정-미래-불확실
미세먼지는 강원 영동을 제외한 모든 권역에서 ＇나쁨＇ 수준으로 예상됐다.,예측형,긍정,과거,불확실,예측형-긍정-과거-불확실
"앞으로 백내장 수술에 지급되는 실손의료보험 보험금이 크게 줄어들고, 일부 안과의 비상식적 과잉 진료에도 제동이 걸릴 것으로 전망된다.",예측형,긍정,미래,불확실,예측형-긍정-미래-불확실
"지난해 12월에는 명예퇴직을 실시, 향후 매년 360억원의 비용을 절감할 수 있을 것으로 예상된다.",예측형,긍정,미래,불확실,예측형-긍정-미래-불확실
미세먼지 농도는 전 권역이 ＇보통∼좋음＇ 수준을 보일 것으로 예상된다.,예측형,긍정,미래,불확실,예측형-긍정-미래-불확실
이를 정상인의 유전체와 비교하면 어떤 유전자 돌연변이로 인해 암이 발생하는지 파악할 수 있을 뿐만 아니라 최대 35년 뒤 암 발생 여부를 예측하는 일도 가능해 환자 맞춤형 치료의 새로운 길이 열릴 것으로 전망된다.,예측형,긍정,미래,불확실,예측형-긍정-미래-불확실
한편 이토 앞에서는 애교가 넘치지만 반전의 싸움 실력을 지닌 이토의 여자친구 ＇쿄코＇ 역은 ＇은혼＇으로 유명한 하시모토 칸나가 맡아 ＇만찢녀＇의 귀여움과 반전의 코미디 연기를 선보인다.,예측형,긍정,현재,확실,예측형-긍정-현재-확실
자율주행로봇의 실증 특례에서도 현장 요원 없이 원격 모니터링이 가능하도록 기준 완화를 추진할 계획이다.,예측형,긍정,미래,불확실,예측형-긍정-미래-불확실
"바다의 물결은 동해 앞바다 0.5∼1.5ｍ, 서해 앞바다 0.5∼1.0ｍ, 남해 앞바다 0.5∼1.0ｍ로, 안쪽 먼바다의 파고는 동해·서해·남해 0.5∼1.5ｍ로 예상된다.",예측형,긍정,현재,불확실,예측형-긍정-현재-불확실
15일 날씨는 전국이 대체로 맑겠으나 충남 서해안과 전북 서해안은 가끔 구름이 많을 전망이다.,예측형,긍정,미래,불확실,예측형-긍정-미래-불확실
다양한 유동성 확대정책은 중국 증시에 호재로 작용할 전망이다.,예측형,긍정,미래,불확실,예측형-긍정-미래-불확실
보유세 부담을 적정 수준으로 환원하기 위한 세율 인하 등의 구체적인 보유세 개편 방안은 7월 중 확정할 예정이다.,예측형,긍정,현재,확실,예측형-긍정-현재-확실
"앞으로 통화정책의 긴축 시계가 더 빨라질 수 있어 영끌, 빚투 가계의 경우 이자부담이 빠르게 가중될 전망이다.",예측형,긍정,미래,불확실,예측형-긍정-미래-불확실
"또 오픈게임 플랫폼 위믹스플레이, 대체불가토큰 기반 탈중앙화 자율조직 신경제, 모든 금융을 가능하게 할 디파이 서비스 등 탈중앙화 메인넷 위믹스 3.0에서 선보일 각종 서비스에 대한 설명도 이어갈 예정이다.",예측형,긍정,미래,불확실,예측형-긍정-미래-불확실
중국 내 코로나19 사태가 진정 국면에 접어들었다는 진단이 나오면서 중국 증시 상승세에는 더욱 힘이 실릴 전망이다.,예측형,긍정,미래,불확실,예측형-긍정-미래-불확실
게임 매출 기반의 스테이킹 모델을 통해 선순환 생태계를 구축하고 건강한 토큰 이코노미를 설계한다는 계획이다.,예측형,긍정,미래,불확실,예측형-긍정-미래-불확실
"팬데믹으로 인한 여러 한계와 위기 속에서 억눌렸던 일상 회복에 대한 욕구가 강력히 표출되면서, 2022년은 그동안 단절됐던 일상 생활이 해제되고, 고정관념과 경계를 여는 새로운 한 해가 될 것으로 전망한 것이다.",예측형,긍정,미래,불확실,예측형-긍정-미래-불확실
"아울러 향후 채굴 난이도 상승을 고려할 때, 채굴 수입에서 채굴 비용이 차지하는 비중이 점점 더 커질 전망이다.",예측형,긍정,미래,불확실,예측형-긍정-미래-불확실
2020년 은행권은 저금리·저성장·저물가 3저의 깜깜한 어둠을 뚫고 나가기 위해 ＇디지털 전략＇에 집중할 전망이다.,예측형,긍정,미래,불확실,예측형-긍정-미래-불확실
산업계가 이번 총파업으로 본 피해는 2조원에 달해 복구하는 데에만 한참 걸릴 것으로 관측된다.,예측형,긍정,미래,불확실,예측형-긍정-미래-불확실
규제심판관은 100여 명의 민간 전문가로 구성하고 건별로 전문 분야에 맞춰 배정하는 방식이 될 전망이다.,예측형,긍정,미래,불확실,예측형-긍정-미래-불확실
보라네트워크는 이번 협업을 기점으로 미티컬게임즈의 아시아태평양 지역 플레이투언 생태계 진출을 위한 교두보 역할을 할 예정이다.,예측형,긍정,미래,불확실,예측형-긍정-미래-불확실
이에 따라 1회 이용 한도를 기존 1만원에서 5만원으로 상향해 이용자 편의성을 높일 방침이다.,예측형,긍정,미래,불확실,예측형-긍정-미래-불확실
평가가 세분화되면 240만명 가량이 연간 1%포인트 정도 이자율 부담을 덜 전망이다.,예측형,긍정,미래,불확실,예측형-긍정-미래-불확실
"늦은 밤부터는 수도권과 강원 영서, 충남 북서해안에도 가끔 비가 내리겠다.",예측형,긍정,미래,불확실,예측형-긍정-미래-불확실
특히 국민 생활과 밀접한 배달비와 주거비 통계를 더 강화한다는 계획이다.,예측형,긍정,미래,불확실,예측형-긍정-미래-불확실
화웨이는 아태 지역 스타트업 생태계에 1억달러를 투자하고 디지털 경제를 발전시킬 수 있는 인재를 육성하기 위해 5년 내 50만명에게 디지털 교육을 제공할 계획이다.,예측형,긍정,미래,확실,예측형-긍정-미래-확실
오는 23일 0시 정식 서비스를 앞뒀다.,예측형,긍정,과거,불확실,예측형-긍정-과거-불확실
김창한 신임 대표는 현재 펍지의 경영을 총괄하고 있으며 선임 절차를 거친 후 크래프톤과 펍지의 대표를 겸직할 예정이다.,예측형,긍정,미래,확실,예측형-긍정-미래-확실
코로나가 장기화하면서 자동차 정비와 점검 방법도 변화가 예상된다.,예측형,미정,현재,확실,예측형-미정-현재-확실
예상 강수량은 5~40mm로 소나기의 특성상 좁은 지역에서 강한 비가 내리는 곳이 있을 전망이다.,예측형,긍정,미래,불확실,예측형-긍정-미래-불확실
이미 관련 기업과 협업해 2025년께 김포공항에서 UAM 시범운항을 계획하고 있다.,예측형,긍정,현재,확실,예측형-긍정-현재-확실
푸드테크 산업의 종착역은 개인 맞춤형 식품이 될 것으로 예상된다.,예측형,긍정,미래,확실,예측형-긍정-미래-확실
이들 게임은 국내 구글 플레이 매출 톱10 진입이 예상되는 기대작이다.,예측형,긍정,현재,불확실,예측형-긍정-현재-불확실
지난해 말 세계 최초로 출시한 ＇하이퍼스케일 AI 컴퓨팅＇을 앞세워 공공기관 수요는 물론 민간 시장에서도 아마존웹서비스와 진검 승부를 예고하고 있다.,예측형,긍정,현재,확실,예측형-긍정-현재-확실
전 목사와 범투본 관계자 등 2명의 구속 여부는 이날 오후 늦게 결정될 것으로 예상된다.,예측형,긍정,미래,불확실,예측형-긍정-미래-불확실
가격에 따라 차이는 있지만 감정평가 방식으로 상속·증여세가 부과되면 수억 원가량 세금 상승이 불가피할 전망이다.,예측형,긍정,미래,불확실,예측형-긍정-미래-불확실
투자은행 업계에서도 소부장 기업에 대한 상장 특례가 자리 잡으면서 향후 관련 기업의 증시 입성이 늘어날 것으로 전망하고 있다.,예측형,긍정,미래,불확실,예측형-긍정-미래-불확실
기상청은 이날 서해 중부 해상에 위치한 고기압의 가장자리에 들어 전국이 대체로 흐리다가 중부지방은 오후부터 가끔 구름이 많겠다고 예보했다.,예측형,긍정,과거,확실,예측형-긍정-과거-확실
넥슨와 EA아시아스튜디오는 7일 중순 여름 대규모 업데이트를 통해 비슷한 수준의 클럽과 조건에서 실력으로만 겨루는 신규 모드 ＇어쎈틱 챌린지＇를 추가할 계획이다.,예측형,긍정,미래,불확실,예측형-긍정-미래-불확실
경영계는 동결을 주장할 것으로 보인다.,예측형,긍정,미래,불확실,예측형-긍정-미래-불확실
"고양 창릉지구, 부천 대장지구는 내년부터 토지 보상이 시작될 전망이다.",예측형,긍정,미래,불확실,예측형-긍정-미래-불확실
"특히, 소나기가 내리는 지역에선 돌풍과 함께 천둥·번개가 치고 중부내륙 지역을 중심으로 우박이 떨어지는 곳이 있겠다.",예측형,미정,미래,불확실,예측형-미정-미래-불확실
이를 통해 영업이익을 흑자 전환시켜 2020년 1135억원의 목표를 달성할 계획이다.,예측형,긍정,미래,불확실,예측형-긍정-미래-불확실
"2017년 이후에 태어나는 영재들은 지금으로부터 10년 후인 2032년부터 영재교·과학고에 입학하고, 2035년엔 이공계 대학생이 되고, 그 이후로는 한국 첨단 기술 분야를 이끌어나가는 인재가 될 것이다.",예측형,긍정,미래,불확실,예측형-긍정-미래-불확실
"막혀 있는 수도권의 민간 분양을 촉진하기 위해 분양가 상한제에 정비사업 이주비 이자 등을 가산비로 반영하고, 자재비 인상분을 공사비에 반영할 수 있는 제도 개선 방안 역시 마련될 전망이다.",예측형,긍정,미래,불확실,예측형-긍정-미래-불확실
갈 길 바쁜 손 회장과 우리금융지주 입장에서는 금융당국과 길고 긴 법정 다툼을 벌이게 돼 작지 않은 부담으로 작용할 조짐이다.,예측형,긍정,미래,불확실,예측형-긍정-미래-불확실
"미 공군의 요구 조건에 따른 F-15EX 성능은 수출 모델인 F-15SA와 F-15QA를 베이스로 스텔스 기능을 제외한 보잉이 가진 최첨단 기술들이 대거 적용되어, 최강의 성능을 가진 F-15 시리즈의 최종 병기가 될 것으로 예상된다.",예측형,긍정,미래,확실,예측형-긍정-미래-확실
병맥주와 페트맥주는 세금 변화가 크지 않아 소비자가격에도 큰 영향이 없을 전망이다.,예측형,긍정,미래,확실,예측형-긍정-미래-확실
기지급된 중간배당 500원을 포함한 2019년 회계연도에 대한 보통주 1주당 총 현금배당은 2100원이며 이에 따른 연간 배당성향은 25.6%로 예상된다.,예측형,긍정,미래,확실,예측형-긍정-미래-확실
사채 발행 한도를 확대하기 위해 한국전력공사법 개정도 올 하반기에 추진할 계획이다.,예측형,긍정,미래,불확실,예측형-긍정-미래-불확실
금융당국은 단순 카드 자동납부 조회 기능을 넘어 향후 자동납부 카드이동서비스 구축을 통해 금융 소비자의 선택권과 카드사 서비스 경쟁력을 제고할 계획이다.,예측형,긍정,미래,확실,예측형-긍정-미래-확실
그러나 이들 숫자는 현재 고등학교나 대학에 다니고 있는 영재 수의 절반에도 미치지 못할 것으로 예상된다.,예측형,긍정,미래,불확실,예측형-긍정-미래-불확실
"탄력근로제 단위기간 확대 안은 국회에서 통과되지 않고 있으며, 특별연장근로 인가 사유 확대는 시행령만 개정하면 되는 만큼 조만간 단위기간이 확대될 전망이다.",예측형,긍정,미래,확실,예측형-긍정-미래-확실
"특히 오전 11시 폭염주의보가 발효되는 경북권은 따뜻하고 습한 공기가 유입되면서 일최고체감온도가 33도 이상 올라 매우 덥겠고, 폭염특보가 확대될 가능성도 있다.",예측형,긍정,미래,불확실,예측형-긍정-미래-불확실
"기상청에 따르면 5일까지 기온은 평년보다 3∼4도 높겠으나, 내륙을 중심으로 낮과 밤의 기온 차가 10∼12도로 클 것으로 보인다.",예측형,긍정,현재,확실,예측형-긍정-현재-확실
해외 자회사의 국내 모회사 배당금을 비과세하면 국내로 자금이 유입되는 효과가 클 것으로 기대된다.,예측형,긍정,현재,확실,예측형-긍정-현재-확실
중국은 미국의 바이러스 비상사태 추이를 지켜보면서 약속 이행 여부를 저울질할 것으로 보인다.,예측형,긍정,미래,확실,예측형-긍정-미래-확실
이들 교육기관은 조만간 영재 수 추가 감소와 함께 존폐 기로에 설 것으로 전망된다.,예측형,긍정,미래,확실,예측형-긍정-미래-확실
벌써 세계 증시가 3000조원 이상 떨어져 1차 충격을 준 다음 이제 9일 이후 실제 공장 가동이 가능하냐에 따라 실물경제에 피해가 드러날 것이다.,예측형,긍정,미래,불확실,예측형-긍정-미래-불확실
금요일인 3일은 전국에 구름이 가끔 많고 미세먼지가 짙게 낄 전망이다.,예측형,긍정,미래,불확실,예측형-긍정-미래-불확실
이 경우 트럼프 대통령이 대중국 정책 성과로 자화자찬했던 1단계 합의안에 대한 평가가 달라지면서 미 선거 표심에 영향을 줄 것이다.,예측형,긍정,미래,확실,예측형-긍정-미래-확실
백 교수는 ＂국내에서는 전무하다시피 LP지분 세컨더리 시장이 본격 가동되고 중소형 M&A 시장이 활발해질 수 있게 세제 혜택이 뒷받침된다면 제2벤처붐이 지속될 수 있을 것＂이라고 내다봤다.,예측형,미정,현재,불확실,예측형-미정-현재-불확실
대량 생산이 어려워 제조원가가 높은 탓에 주세 비중이 높았던 수제 맥주도 이번 종량세 전환으로 가격경쟁력이 높아질 것으로 보인다.,예측형,긍정,미래,확실,예측형-긍정-미래-확실
"수미감자는 지난해 6월 1만9000원 선에서 도매가격이 형성됐지만, 올해는 3만~3만3000원에 형성돼 최대 70% 넘게 가격이 뛸 거라는 전망이다.",예측형,긍정,미래,불확실,예측형-긍정-미래-불확실
회계기준 등 문제로 2조원대로 평가받는 푸르덴셜생명을 혼자 인수하기는 쉽지 않을 것으로 예상된다.,예측형,긍정,미래,불확실,예측형-긍정-미래-불확실
"오브젝트는 온·오프라인에서 팬 활동이나 미션을 달성하면 획득할 수 있고, 구매도 가능할 전망이다.",예측형,긍정,미래,불확실,예측형-긍정-미래-불확실
올해는 글로벌 경기 침체가 본격화되면서 금융·부동산 해외 투자는 큰 폭으로 줄어들 것으로 보인다.,예측형,긍정,현재,불확실,예측형-긍정-현재-불확실
전역 후 첫 공식 무대가 될 전망이다.,예측형,긍정,미래,불확실,예측형-긍정-미래-불확실
각 게임별로 캐릭터 NFT나 게임 내 땅 소유 NFT를 판매할 예정이며 게임별로 최적화된 토큰 발행도 예고했다.,예측형,긍정,과거,확실,예측형-긍정-과거-확실
KLPGA는 아시아 여자 골프의 허브로 발돋움하며 ＇대부분 맑고 화창한 날씨＇를 지속할 것으로 전망된다.,예측형,긍정,미래,불확실,예측형-긍정-미래-불확실
위메이드는 이날 오후 10시 카카오 쇼핑 라이브를 통해 2차 쇼케이스 ＇미르M＇ 특별 방송 ＇전지적 용사 시점＇도 개최한다.,예측형,긍정,미래,확실,예측형-긍정-미래-확실
"한국천문연구원에 따르면 이날 오전 각지의 해돋이 시간은 서울 7시 47분, 인천 7시 48분, 강릉 7시 40분, 서산 7시 47분, 포항 7시 33분, 군산 7시 43분, 울산 7시 32분, 목포 7시 42분, 제주 7시 38분, 해남 7시 40분이다.",예측형,긍정,현재,확실,예측형-긍정-현재-확실
"AI의 경우 내년에 필요한 인력은 4만100명 정도인데 배출되는 인력은 1만1500명으로 격차가 2만8600명 수준이지만, 2030년에는 수요와 공급 간 격차가 7만1600명까지 벌어진다.",예측형,긍정,미래,확실,예측형-긍정-미래-확실
2020년 한국경제연구원은 2025년 국내 4차 산업혁명 분야의 인력 부족률이 28.3%에 달할 것으로 예상했다.,예측형,긍정,과거,불확실,예측형-긍정-과거-불확실
"이날 아침최저기온은 14~20도, 낮최고기온은 25~32도로 예상된다.",예측형,긍정,미래,불확실,예측형-긍정-미래-불확실
"정부는 이와 함께 정부 부처, 연구기관, 경제 협회 및 단체에 규제 전담 조직을 설치하고, 규제혁신추진단과 긴밀히 연계해 덩어리 규제를 발굴·개선할 예정이다.",예측형,긍정,미래,확실,예측형-긍정-미래-확실
신종 코로나바이러스 감염증 사태 수습과 내수 정상화에 힘써야 할 중국이 미국과 약속한 2000억달러 추가 구매를 제대로 이행하기는 어려울 것이다.,예측형,부정,미래,불확실,예측형-부정-미래-불확실
중국인 유학생이 모두 입국하면  지역사회 감염 가능성은 더욱 커질 전망이다.,예측형,긍정,미래,불확실,예측형-긍정-미래-불확실
"현재 기세로 보면 박성현, 김세영, 이정은 등이 고진영과 2020년 골프퀸 자리를 놓고 치열한 경쟁을 펼칠 것으로 보인다.",예측형,긍정,미래,확실,예측형-긍정-미래-확실
특히 첫날인 7월 14일 오전 10시 개최되는 개막식 행사에 참여하는 관람객에게는 선착순 경품 추첨 이벤트에 참여할 수 있는 기회를 제공한다.,예측형,긍정,미래,확실,예측형-긍정-미래-확실
개발과 관련한 기술적 경험은 물론 외부에 공개하지 않았던 신작의 세부 정보들이 강연을 통해 발표될 전망이다.,예측형,긍정,미래,불확실,예측형-긍정-미래-불확실
방탄소년단에 이어 올해 ＇기생충＇까지 연타석 홈런을 치면서 한국어 콘텐츠를 향한 러브콜이 이어질 전망이다.,예측형,긍정,미래,불확실,예측형-긍정-미래-불확실
"울릉도, 독도는 동해 중부 해상에 위치한 약한 기압골의 영향을 받아 밤에 비 또는 눈이 조금 오겠다.",예측형,긍정,미래,불확실,예측형-긍정-미래-불확실
또한 각 팀과 1:1로 매칭된 개발자 선배들과 온라인 멘토링을 통해 현장에서 갈고 닦은 생생한 지식을 전수 할 예정이다.,예측형,긍정,미래,불확실,예측형-긍정-미래-불확실
인플레이션 공포가 스태그플레이션으로 옮겨 붙으면서 당분간 주식·채권·외환 시장 모두 약세장을 면치 못할 것으로 예상된다.,예측형,긍정,현재,불확실,예측형-긍정-현재-불확실
콘진원은 7개의 하반기 지원 게임을 선정해 총 7억원 규모의 서비스 지원에 나설 방침이다.,예측형,긍정,미래,불확실,예측형-긍정-미래-불확실
두 곳 모두 비은행 부문 강화 필요성을 강조하고 있는 가운데 인수·합병에 대한 최고경영자 의지도 어느 때보다 강하다는 점에서 정면 승부가 벌어질 것으로 예상된다.,예측형,긍정,미래,불확실,예측형-긍정-미래-불확실
여성 연수원장 발탁을 통해 신보는 열정과 역량을 갖춘 창의적 여성인재 육성에 적극 나서겠다는 방침이다.,예측형,긍정,현재,확실,예측형-긍정-현재-확실
특히 세계 랭킹 16위로 한국 선수 중 여섯 번째에 자리한 박인비의 ＇시즌 초반 올인＇ 전략도 타격이 불가피할 전망이다.,예측형,긍정,미래,불확실,예측형-긍정-미래-불확실
"공장에서 로봇들이 그랬던 것처럼 드론의 자동화 기술은 조종사들의 일자리를 대체하거나, 적어도 지상의 드론 오퍼레이터들이 늘어나며 조종사들을 대체할 것이다.",예측형,긍정,미래,확실,예측형-긍정-미래-확실
"＇클로젯＇은 코로나19 확산 우려 속에도 100만 돌파를 앞두고 있으나 12일 개봉하는, 장유정 감독의 ＇정직한 후보＇와의 대결이 불가피해 보인다.",예측형,긍정,미래,불확실,예측형-긍정-미래-불확실
올해 13회를 맞는 MBN건강미박람회는 ＇브라보 앵콜 라이프＇를 슬로건으로 삼고 시니어를 위한 다양한 정보를 제공할 예정이다.,예측형,긍정,미래,불확실,예측형-긍정-미래-불확실
한편 APEC 정상회의 개최지는 외교부가 구성한 선정위원회 심사를 통해 2024년 상반기 최종 확정될 예정이다.,예측형,긍정,미래,확실,예측형-긍정-미래-확실
"2030년까지 생산 설비에 3200억원 이상을 투자해 지능화 공정 시스템을 구축하고, 가상·증강현실부터 자동화·인공지능 기술 등이 적용된 미래형 조선소를 만들겠다는 복안이다.",예측형,긍정,미래,불확실,예측형-긍정-미래-불확실
국제사회가 모바일과 자동차 등 소비자에게 제품을 파는 기업을 디지털세 부과 대상에 포함하기로 합의함에 따라 삼성전자·현대자동차 등 국내 기업도 영향을 받게 될 전망이다.,예측형,긍정,미래,불확실,예측형-긍정-미래-불확실
"타다금지법으로 불리는 여객운수법 개정안의 국회 상임위원회 통과를 주도한 박홍근 을지로위원장을 비롯해 제윤경 책임의원, 우원식 이학영 등 민주당 을지로위 소속 의원들이 자리할 예정이다.",예측형,긍정,미래,불확실,예측형-긍정-미래-불확실
증권거래세는 현재 0.23%지만 내년에는 0.2%로 낮아질 전망이다.,예측형,긍정,미래,불확실,예측형-긍정-미래-불확실
무는 20㎏에 1만3000원으로 평년 1만60원 대비 30% 가량 오를 것으로 봤다.,예측형,긍정,과거,불확실,예측형-긍정-과거-불확실
"BoB 11기는 200명 규모로 선발하며, 커리큘럼을 보안기술 단위로 세분화해 운영할 예정이다.",예측형,긍정,미래,불확실,예측형-긍정-미래-불확실
"공인인증서의 독점적 지위가 사라짐에 따라 앞으로는 간편 비밀번호, 생체인증 등 다양한 인증수단이 활발하게 쓰일 것으로 예상된다.",예측형,긍정,미래,불확실,예측형-긍정-미래-불확실
소비자 물가지수 발표 이후 월가의 바클레이즈와 제프리즈 투자은행은 모두 5월 물가 상승률 발표 이후 연준이 금리를 0.75%포인트 올릴 것으로 전망했다.,예측형,긍정,과거,확실,예측형-긍정-과거-확실
"20일 출시되는 일본산 게임 ＇우마무스메 프리티더비＇와 23일 한국산 ＇미르M＇, 24일 중국산 ＇천애명월도M＇이 주인공이다.",예측형,긍정,현재,확실,예측형-긍정-현재-확실
이에 대체재 격인 금 투자에 대한 관심은 더 높아질 것으로 전망된다.,예측형,긍정,현재,불확실,예측형-긍정-현재-불확실
"동해 중부 먼바다는 매우 강한 바람이 불고 물결이 매우 높게 일겠고, 동해안은 너울로 인한 물결이 해안도로나 방파제를 넘는 곳이 있겠다.",예측형,긍정,미래,불확실,예측형-긍정-미래-불확실
올해 ＇보라＇ 플랫폼에 10여종의 P2E 게임을 선보일 계획이다.,예측형,긍정,미래,불확실,예측형-긍정-미래-불확실
16일부터는 스트리밍 플랫폼 트위치에서 ＇베일드 엑스퍼트＇의 ＇드롭스＇가 활성화된 방송을 1시간 시청할 때마다 한정판 요원 스킨을 획득 가능한 ＇스킨 박스＇ 선물 이벤트도 연다.,예측형,긍정,미래,불확실,예측형-긍정-미래-불확실
혼란한 경쟁이 소강상태에 접어들면 시장에서 살아남는 사업자는 손에 꼽을 정도가 되지 않을까 소비자 편의성과 신뢰성을 얼마나 확보하느냐가 향후 시장의 판도를 가를 것이다.,예측형,긍정,미래,확실,예측형-긍정-미래-확실
실제 게임 매출 기반의 스테이킹 모델을 통해 이용자 참여와 합리적 보상 제공이 선순환되는 생태계를 구축하고 글로벌 사업 역량과 게임 운영 노하우를 더해 건강한 토큰 이코노미를 설계해나간다는 계획이다.,예측형,긍정,미래,불확실,예측형-긍정-미래-불확실
7월 1일 ＇위믹스3.0＇ 테스트넷과 함께 ＇위믹스 플레이＇를 선보이고 3분기 중 ＇위믹스 디파이＇와 ＇나일＇을 론칭할 계획이다.,예측형,긍정,미래,불확실,예측형-긍정-미래-불확실
"기상청에 따르면 이날 오후 경기 동부와 강원 내륙·산지, 전라 동부 내륙, 경북 북부 내륙, 경상 서부 내륙에서는 소나기가 5∼30㎜가량 내릴 것으로 보인다.",예측형,긍정,미래,확실,예측형-긍정-미래-확실
"장마와 태풍, 여름이라는 계절적 요인으로 승용차 이용률도 증가하여 추위가 오면 점검을 미뤘던 고장이 증가할 것으로 예상된다.",예측형,미정,현재,불확실,예측형-미정-현재-불확실
이란의 민항기 오발 격추로 사태가 엉뚱하게 진정됐지만 핵무기를 만들고 있는 이란은 결코 가만히 있지 않을 것이다.,예측형,긍정,미래,불확실,예측형-긍정-미래-불확실
미 연준의 빠른 긴축 시계에 더해 우리나라 역시 고물가에 직면하고 있는 만큼 큰 폭의 기준금리 인상이 불가피하다는 전망이 나온다.,예측형,긍정,미래,불확실,예측형-긍정-미래-불확실
김 교수는 강연에서 웹3.0의 핵심 기술로 거론되는 NFT의 본질을 살피고 사업을 진행할때의 고려점을 논할 예정이다.,예측형,긍정,미래,확실,예측형-긍정-미래-확실
백 전 장관에 대한 구속영장이 기각되면서 윗선 수사도 난항을 겪을 전망이다.,예측형,긍정,미래,불확실,예측형-긍정-미래-불확실
17일 저녁 경기남부와 충청권을 중심으로 소나기가 내리는 곳이 있겠다.,예측형,미정,미래,불확실,예측형-미정-미래-불확실
특히 이번 개선안에는 윤석열 대통령이 강조한 첨단산업 인재 양성과 관련한 규제 완화 방안도 포함되면서 향후 반도체 등 신산업에서 경쟁력을 확보하기 위한 정부의 규제 개혁 행보가 더욱 확대될 것으로 전망된다.,예측형,긍정,미래,불확실,예측형-긍정-미래-불확실
전라 서해안 지역은 이날 새벽부터 아침 사이 산발적으로 눈이 내리거나 빗방울이 떨어질 전망이다.,예측형,긍정,미래,불확실,예측형-긍정-미래-불확실
개봉 3주차지만 여전히 실시간 예매율 1위를 달려 이번 주말에 손익분기점을 돌파할 것으로 보인다.,예측형,긍정,미래,확실,예측형-긍정-미래-확실
참가자가 직접 클라우드와 두레이 서비스를 경험해볼 수 있는 체험 부스도 준비될 예정이다.,예측형,긍정,미래,확실,예측형-긍정-미래-확실
핀테크 기업 독립 계좌가 일반화하면 개인 자산을 보관하고 투자하는 과정에 상당한 변화가 예상된다.,예측형,긍정,미래,확실,예측형-긍정-미래-확실
바다의 물결은 동해·서해· 남해 앞바다에서 모두 0.5∼1.0ｍ로 일겠다.,예측형,긍정,미래,불확실,예측형-긍정-미래-불확실
나아가 ＇부수자산＇이라는 개념을 도입해 NFT처럼 소위 그레이존에 위치한 가상자산에 대해서도 공시를 요구할 계획이다.,예측형,긍정,미래,불확실,예측형-긍정-미래-불확실
반면 0.5%포인트 인상은 7%로 예측했다.,예측형,긍정,과거,확실,예측형-긍정-과거-확실
15일 채권 금리가 전반적으로 오르며 금융채 5년물 금리를 기준으로 삼는 주담대 고정금리도 상승세를 이어갈 것으로 보인다.,예측형,긍정,미래,불확실,예측형-긍정-미래-불확실
인트로 튜토리얼에도 등장해 위압감을 드러낼 예정이다.,예측형,긍정,미래,확실,예측형-긍정-미래-확실
그러나 향후에는 일반·지주회사와 상장·비상장법인 조건은 보지 않고 보유 지분율에 따라서만 감면율을 차등 적용할 계획이다.,예측형,긍정,미래,확실,예측형-긍정-미래-확실
두 투수 모두 좋은 모습을 보인다면 ＇좌완＇ 김광현의 가치가 더 높을 전망이다.,예측형,긍정,미래,불확실,예측형-긍정-미래-불확실
이후 스타트업과 OLED 생태계 확대를 위해 과제 제안서 접수→1차 심사→사업화 검증→미국 새너제이에서 데모데이→투자 검토를 순차적으로 진행할 방침이다.,예측형,긍정,미래,불확실,예측형-긍정-미래-불확실
코로나 19의 습격이 있기 전에 발행된 보고서임을 감안하면 앞으로의 성장세는 더욱 가파를 것으로 예상한다.,예측형,긍정,미래,불확실,예측형-긍정-미래-불확실
"아크로비스타 주민들은 이에 대응해 사흘 전부터 집회 중 마이크, 스피커, 확성기 등의 사용을 금지해달라는 내용의 진정서에 서명을 받아 다음주께 경찰에 진정서를 제출할 계획이다.",예측형,긍정,미래,확실,예측형-긍정-미래-확실
블리자드는 ＇오버워치2＇ 출시와 함께 신규 돌격 영웅 ＇정커퀸＇도 선보일 예정이다.,예측형,긍정,미래,불확실,예측형-긍정-미래-불확실
양배추도 8㎏에 6000원으로 평년 대비 50% 이상 급등할 것으로 전망했다.,예측형,긍정,과거,불확실,예측형-긍정-과거-불확실
확실히 백내장 진단을 받았어도 입원 치료를 받을 만큼 특별한 상황이었음을 입증하지 못하면 30만원 이상의 보험금을 받기 어려울 전망이다.,예측형,부정,미래,불확실,예측형-부정-미래-불확실
"한국 영재의 위기는 몇 년 뒤엔 이공계 대학의 위기로, 다시 몇 년 뒤엔 4차 산업혁명 선도 기업의 위기가 될 것이다.",예측형,긍정,과거,확실,예측형-긍정-과거-확실
코로나 19 이후 비대면 소비 트렌드의 확대로 빠르게 성장한 시장을 선점하기 위해 각종 신원인증서비스 업체들의 치열한 각축전이 예고된다.,예측형,긍정,미래,확실,예측형-긍정-미래-확실
＇이브닝플러스＇는 서울 여의도중앙점과 강남중앙점 2개점의 운영을 15일부터 시작해 8월 말에는 가산디지털점을 추가할 예정이다.,예측형,긍정,미래,불확실,예측형-긍정-미래-불확실
"대전시는 시범사업으로 선정된 2개 마을의 조성 과정을 지속적으로 점검하고, 컨설팅 제공 등을 통해 사업이 안정적으로 추진될 수 있게 지원할 예정이다.",예측형,긍정,미래,확실,예측형-긍정-미래-확실
이를 위해서는 초저가 할인 마케팅을 지속해야 되는 만큼 수익성 관리가 중요한 과제로 떠오를 전망이다.,예측형,긍정,미래,불확실,예측형-긍정-미래-불확실
이로 인해 금융 소비자 편익이 한 단계 더 제고될 전망이다.,예측형,긍정,미래,불확실,예측형-긍정-미래-불확실
강원 내륙에도 짙은 안개가 끼는 곳이 있겠다.,예측형,미정,미래,불확실,예측형-미정-미래-불확실
이외에도 게임과 예술 사이에서 탐구하는 아티스트들의 열정이 담긴 작품이 대거 전시되는 ＇NDC 아트 전시회＇를 통해 ＇프라시아 전기＇의 컨셉트와 세계관을 담은 게임 아트들이 다수 공개될 예정이다.,예측형,긍정,미래,불확실,예측형-긍정-미래-불확실
금융권 57개사가 참여하는 공동 채용 박람회가 8월 말 열린다.,예측형,긍정,미래,확실,예측형-긍정-미래-확실
"사용자는 리플 코인을 담보로 리플 원장과 트레이딩 볼륨을 공유하는 각종 스테이블 코인, 각종 토큰을 발행할 수 있게 될 전망이다.",예측형,긍정,미래,불확실,예측형-긍정-미래-불확실
게임산업 현안과 윤석열 정부의 게임 정책에 대한 전략 및 기본틀 확립을 위한 논의가 예정됐으며 제21대 국회 후반기 국회의장으로 선출될 김진표 의원과 문화체육관광부 박보균 장관이 참석해 축사할 예정이다.,예측형,긍정,미래,불확실,예측형-긍정-미래-불확실
경제산업성은 도쿄를 포함한 일부 지역의 7월 전력 공급 예비율이 3.1%에 그칠 것으로 전망한다.,예측형,긍정,미래,불확실,예측형-긍정-미래-불확실
"특히 배우자에 대한 상담 프로그램을 개발해 지역노인보호 전문기관에 배포하고, 현장 대응력 강화를 위한 교육을 수행할 예정이다.",예측형,긍정,미래,불확실,예측형-긍정-미래-불확실
합수단은 국세청에서 확보한 탈세 관련자료를 분석해 탈세혐의를 입증할 계획이다.,예측형,긍정,미래,불확실,예측형-긍정-미래-불확실
"그 밖에도 아직까지 마스크를 벗지 못하는 실내, 실외 모두 자연스러운 피부 표현이 가능한 제품, 마스크에도 화장이 묻어나지 않거나, 두꺼운 피부 표현 대신 모공과 잡티, 붉은 기 등 피부 결점을 자연스럽게 커버할 수 있는 ＇파데프리＇ 트렌드도 꾸준히 이어질 것으로 보인다.",예측형,긍정,미래,확실,예측형-긍정-미래-확실
KT 클라우드는 지난 4월 분사 후 마련되는 스마트테크 코리아 무대를 민간의 잠재적 고객들과 만나 교감하는 장으로 적극 활용할 계획이다.,예측형,긍정,미래,확실,예측형-긍정-미래-확실
"결국 국내 은행들은 상대적으로 손쉬운 이자 장사에만 다시 몰두할 것이고, 외국인 투자자들은 한국 금융사를 더 이상 쳐다보지 않을 것이다.",예측형,부정,미래,불확실,예측형-부정-미래-불확실
탁주는 기존에도 세율이 5%로 낮은 수준이어서 종량세 전환에 따른 가격영향은 크지 않을 전망이다.,예측형,긍정,미래,확실,예측형-긍정-미래-확실
2030년까지 연평균 성장률 43.8%를 기록하며 3조2700억달러 규모로 성장할 전망이다.,예측형,긍정,미래,불확실,예측형-긍정-미래-불확실
"이날 기상청에 따르면 오전까지 강원내륙 산지와 강원 북부 동해안에는 가끔 5㎜ 미만의 비가 오는 곳이 있겠고, 아침까지 경기 동부와 강원 중남부 동해안, 충북 북부, 경북 북부 내륙에는 0.1㎜ 미만의 빗방울이 떨어지는 곳이 있을 전망이다.",예측형,긍정,미래,불확실,예측형-긍정-미래-불확실
이 같은 상황에서 첼시전 반칙 퇴장과 3경기 출전정지 징계로 전력에서 이탈했던 손흥민의 복귀 후 몇 경기가 올 시즌 토트넘의 향배를 가를 전망이다.,예측형,긍정,미래,확실,예측형-긍정-미래-확실
감염 예방에 만전을 기울인다면 중국 대표팀의 참가는 부산시 입장에서도 긍정적인 효과를 기대할 수 있다.,예측형,긍정,미래,불확실,예측형-긍정-미래-불확실
정부는 올해 8월부터 계약갱신청구권을 사용한 세입자가 재계약을 하지 못하고 새로 전세를 얻을 경우 급등한 전셋값으로 주거 안정이 불안해질 수 있다는 우려가 커져 국민주택기금에서 지원하는 ＇버팀목 전세자금대출＇ 지원을 확대할 방침이다.,예측형,긍정,미래,불확실,예측형-긍정-미래-불확실
먼저 중소기업과 중견기업에 29조1000억원 규모의 경영자금을 추가로 지원해 기업의 자금난에 숨통을 틔울 예정이다.,예측형,긍정,미래,불확실,예측형-긍정-미래-불확실
특히 기업의 투자를 가로막는 ＇투자 프로젝트 관련 규제＇를 발굴해 집중적으로 손볼 예정이다.,예측형,긍정,미래,불확실,예측형-긍정-미래-불확실
임훈 개발자가 공성전의 대중화를 위한 ＇프라시아 전기＇ 개발진의 고민과 방법론을 공유할 예정이다.,예측형,긍정,미래,불확실,예측형-긍정-미래-불확실
＇던전앤파이터 모바일＇이 실질적인 최고 기대작이라는 점에서 중국 시장에서의 성과에 관심이 쏠릴 전망이다.,예측형,긍정,미래,불확실,예측형-긍정-미래-불확실
"16일 기상청에 따르면 17일 늦은 오후부터 밤 사이 경기남부와 강원영서남부, 충청권, 경북서부에 돌풍과 천둥·번개를 동반한 소나기가 오는 곳이 있겠다.",예측형,미정,미래,확실,예측형-미정-미래-확실
향후 개발이 완료되면 상주인구만 20만명을 넘어설 것으로 예상된다.,예측형,긍정,미래,불확실,예측형-긍정-미래-불확실
또 리스크관리능력을 바탕으로 이익창출력 및 지급여력을 안정적으로 유지할 것으로 전망했다.,예측형,긍정,과거,확실,예측형-긍정-과거-확실
"또 토론토의 눈 덮인 뉴퀸 스트리트, 맨해튼 미드타운의 번화가 등 새로운 장소들도 등장하며 대칭형 전장 중앙의 로봇을 장악해 적진에 진격시키는 신규 모드 푸쉬 게임 모드도 만날 수 있다.",예측형,긍정,미래,불확실,예측형-긍정-미래-불확실
아직은 이스포츠에 있어 전반적인 로드맵을 그리는 수준으로 향후 이스포츠에 적합한 게임들이 갈라게임즈를 통해 계속 공개될 것이다.,예측형,미정,과거,확실,예측형-미정-과거-확실
정부는 마스크 가격 폭등과 재고 부족에 대비해 마스크 제조 공장을 24시간 가동하겠다고 지난 2일 밝혔고 이에 따라 마스크 제조 등 관련 업체 특별연장근로 신청이 줄을 이을 것으로 예상된다.,예측형,긍정,미래,확실,예측형-긍정-미래-확실
"금요일인 17일은 전국에 구름이 많고 밤부터 차차 흐려지겠으며, 낮부터 밤 사이 서울과 경기 남부, 강원 중·남부 내륙, 충청권 내륙, 전북 동부, 전남 북부 내륙, 경상 서부 내륙에 소나기가 오는 곳이 있겠다.",예측형,미정,미래,불확실,예측형-미정-미래-불확실
"하지만 2.75%가 점도표상 미국의 연말 예상 기준금리인 3.4%보다 낮기 때문에, 한은도 결국 한 차례 정도는 빅스텝을 밟지 않겠냐는 관측이다.",예측형,긍정,미래,불확실,예측형-긍정-미래-불확실
또 하나·우리은행 직원 각 2명씩 총 4명이 근무하며 영업시간은 오전 10시부터 오후 3시까지로 향후 상황에 따라 탄력적으로 운영할 계획이다.,예측형,긍정,미래,불확실,예측형-긍정-미래-불확실
"낮부터 저녁 사이에는 강원 남부내륙 산지와 충남 남동내륙, 충북, 전라동부, 경북권 내륙, 경남 북서내륙에 소나기가 내리고, 제주도에는 저녁부터 비가 내릴 것으로 전망된다.",예측형,긍정,미래,불확실,예측형-긍정-미래-불확실
법무부는 7일에 이어 조만간 감찰위원회를 다시 열고 혐의 내용과 양정 등을 따져 결과를 징계위원회에 넘길 방침이다.,예측형,긍정,미래,불확실,예측형-긍정-미래-불확실
월요일인 20일은 전국이 대체로 흐리고 덥겠다.,예측형,긍정,미래,확실,예측형-긍정-미래-확실
낮 최고 기온은 4∼12도로 전날보다 조금 높겠다.,예측형,긍정,과거,확실,예측형-긍정-과거-확실
새로운 바이러스도 언젠가 사람을 또 위협할 것이다.,예측형,긍정,미래,확실,예측형-긍정-미래-확실
코로나19 비상사태가 장기화돼 오는 11월 대통령 선거에서 트럼프 대통령 당선 가능성이 낮아지면 중국은 내수 부진을 이유로 의무 수입을 이행하지 않을 가능성이 있다.,예측형,긍정,미래,불확실,예측형-긍정-미래-불확실
넥슨의 핵심 IP인 ＇메이플스토리＇를 활용해 블록체인과 NFT의 가치를 실현하겠다는 계획이다.,예측형,긍정,미래,확실,예측형-긍정-미래-확실
블리자드는 오는 17일 오전 2시 오버워치2 공개 이벤트 라이브스트림을 통해 서비스 모델 및 시즌별 콘텐츠 계획도 공개할 방침이다.,예측형,긍정,미래,불확실,예측형-긍정-미래-불확실
"현장 심사 및 시연의 전 과정은 온라인을 통해 실시간 중계되며, 행사장에 방문한 관람객들은 게임 콘텐츠를 직접 체험할 수 있을 예정이다.",예측형,긍정,미래,불확실,예측형-긍정-미래-불확실
"업계 관계자들에 따르면 노사 간 물밑 대화는 오가고 있으나, 양측의 입장 차가 커 파업은 끝없이 길어질 전망이다.",예측형,긍정,미래,확실,예측형-긍정-미래-확실
또 원작 ＇히트＇ 이후의 세계관을 담은 MMORPG ＇히트2＇의 경우 원작보다 더욱 방대해진 세계관 속에서 이용자들이 장대한 여정에 오르는 느낌을 받을 수 있도록 구성한 음악의 탄생 배경과 작곡 과정을 설명할 예정이다.,예측형,긍정,현재,불확실,예측형-긍정-현재-불확실
이에 삼양식품이 수출 비중이 높은 만큼 달러 강세의 수혜를 입을 것이라는 전망이다.,예측형,긍정,미래,확실,예측형-긍정-미래-확실
"비가 오는 지역에는 폭풍과 함께 폭풍이 있을 것이며, 일부 지역에는 폭풍이 떨어지는 장소가 있을 것이다.",예측형,긍정,미래,불확실,예측형-긍정-미래-불확실
"""당신이 처음부터 OTT 사업을 성장시키고 싶었다면, Cupplay의 'Time to Market'는 2 년이 걸렸을 것입니다.""",예측형,부정,과거,확실,예측형-부정-과거-확실
바다에는 폭풍이 폭풍으로 타는 곳들이 있을 것이다.,예측형,미정,미래,불확실,예측형-미정-미래-불확실
정부는 단기 유동성에 기여하는 무역 자금을 지원하고 금융으로 기업 자금을 적극적으로 제거할 것이다.,예측형,긍정,미래,확실,예측형-긍정-미래-확실
외국 석탄 발전소와 광산은 또한 $ 1.9 억을 처분 할 계획이다.,예측형,긍정,미래,불확실,예측형-긍정-미래-불확실
7월 14~17일 코스에서 개최되는 전시회에는 재무 전문가들의 새해 재무 설계 강의도 포함하여 다양한 강의가 개최된다.,예측형,긍정,미래,확실,예측형-긍정-미래-확실
우리는 사용자와 게임에 대한 더 많은 세부 사항을 공유하고 직접 게임을 소개 할 것이다.,예측형,긍정,미래,불확실,예측형-긍정-미래-불확실
"이 목적을 위해, 7 월 1 일, 우리는 'Wimix3.0'의 테스트 네트워크와 Wimix 지갑 및 정부 앱을 출시 할 것이다.",예측형,긍정,미래,확실,예측형-긍정-미래-확실
사용자 확장을 바탕으로 VideoMonster는 글로벌 진보를 가속화 할 계획이다.,예측형,긍정,미래,불확실,예측형-긍정-미래-불확실
재단은 토큰을 사용하여 정부의 분산화를 촉진하고 감시 노드의 건설 및 운영에 대한 보상을 제공함으로써 보안 수준을 높일 것이다.,예측형,긍정,미래,확실,예측형-긍정-미래-확실
이 날 시작된 유아 사건은 잠시 동안 어려울 것으로 예상된다.,예측형,긍정,미래,불확실,예측형-긍정-미래-불확실
서울에 거주하는 회사 멤버 A는 8월에 폐암 수술을 받을 예정이다.,예측형,긍정,미래,불확실,예측형-긍정-미래-불확실
"미시시피 농도는 전체 영역이 ""좋은"" ~ ""일반적으로"" 수준인 것처럼 보일 것이다.",예측형,긍정,미래,불확실,예측형-긍정-미래-불확실
"태풍 번호 9 ""미샤크""는 앞으로 2 ~ 3 일 동안 강한 바람과 함께 400mm 이상의 물 폭탄이있는 일부 지역에 영향을 미칠 전망이다.",예측형,미정,미래,불확실,예측형-미정-미래-불확실
정부는 비트코인에 투자하는 사람들의 세율이 높아지는 것을 반영하고 2 년 후에 가정에서 가상 자산 상황을 발표 할 계획을 추진한다.,예측형,긍정,현재,확실,예측형-긍정-현재-확실
또한 주택 사업을 상속받고자 하는 회사가 주택 임대 및 상속 세금 임대를 선택할 수 있도록 새로운 지불 임대 시스템을 설정할 계획이다.,예측형,긍정,미래,확실,예측형-긍정-미래-확실
"시스템 반도체에 대한 수요는 2030 년에 3,400에 도달 할 것으로 전망되며, 실제 공급 용량은 900에 도달 할 전망이다.",예측형,긍정,과거,확실,예측형-긍정-과거-확실
"그러나 행동 심리학자 B. F. Skinner와 상담했다면 성장 과정, 사건의 실제 경험을 살펴 보았을 것이다.",예측형,긍정,과거,불확실,예측형-긍정-과거-불확실
이 계약을 통해 두 회사는 블록체인 기반 엔터테인먼트 생태계의 확장을 공동으로 촉진하기 위해 스튜디오 산타클로스 소유의 아티스트와 컨텐츠 보유자에게 NFT 기술을 적용 할 계획이다.,예측형,긍정,미래,확실,예측형-긍정-미래-확실
"오버데임의 강수 대표는 2020년 2월에 사우디 아라비아로의 선박이 발사될 예정이며, 오버데임의 제품을 운반하는 선박은 계속해서 우리나라의 항구를 떠날 것이라고 말했다.",예측형,긍정,현재,확실,예측형-긍정-현재-확실
여기서 우리는 전략적 관련성을 높이기 위해 다양한 NFT를 사용할 계획이다.,예측형,긍정,미래,불확실,예측형-긍정-미래-불확실
"이러한 이유로, 그들은 럭셔리 카드와 같은 개인 주식 기금과 함께 일부 주식을 투자하거나 별도의 개인 주식 기금을 형성하고 주요 주식을 갖는 방법을 취할 것처럼 보인다.",예측형,긍정,미래,불확실,예측형-긍정-미래-불확실
"""미국의 가상 자산 규제는 일부 조정 효과를 가질 것이지만 Bitcoin과 Ethereum은 상품이 될 것입니다.""",예측형,긍정,미래,불확실,예측형-긍정-미래-불확실
360개 가구 Yuan제일 1은 재건 프로젝트가 완료되면 총 554개의 집으로 대체될 전망이다.,예측형,긍정,미래,불확실,예측형-긍정-미래-불확실
"서쪽 해안과 수도 지역의 일부, 그리고 시골의 북쪽에는 아침에 비가 내리는 곳이 있겠다.",예측형,긍정,미래,불확실,예측형-긍정-미래-불확실
"한편, 17일의 온도는 내부와 외부에서 3~5도 상승할 것이며, 전날과 비교하면 평소보다 약간 높아질 것이다.",예측형,미정,미래,불확실,예측형-미정-미래-불확실
또한 중국과 미국 외부에서 제작된 비영어 영화는 전 세계적으로 결코 이루어지지 않은 수익을 5억 달러에 달할 것으로 추정된다.,예측형,긍정,미래,불확실,예측형-긍정-미래-불확실
우크라이나 전쟁 이후 유럽 연합 (EU)에서 LNG에 대한 수요가 증가하면 국내 한국 선박에 긍정적 인 영향을 미칠 것으로 전망된다.,예측형,긍정,미래,불확실,예측형-긍정-미래-불확실
이달 24~27일 스페인 바르셀로나에서 개최되는 세계 최대의 모바일 세계 대회에 참여하는 국내 기업의 수는 줄어들 것으로 보인다.,예측형,부정,현재,불확실,예측형-부정-현재-불확실
"다음날 아침 18일, 최대 온도는 19-23도, 최대 온도는 26-32도로 전망된다.",예측형,미정,미래,불확실,예측형-미정-미래-불확실
"단지 차이를 보여주기 위해 서울시와 용산구를위한 공원과 자금을 만들기 위해서, 사실, 공원은 형성되기까지 상당한 시간이 걸릴 것으로 전망된다.",예측형,긍정,미래,불확실,예측형-긍정-미래-불확실
"뉴욕 타임즈는 ""이번 주 회의는 1994년 이후 가장 큰 금리 인프라를 논의하는 것으로 보인다""며 CNBC는 또한 0.75% 상승 가능성을 예측했다.",예측형,긍정,과거,확실,예측형-긍정-과거-확실
성장률은 ‘정상적인’ 수준으로 예상된다.,예측형,긍정,과거,불확실,예측형-긍정-과거-불확실
"지금까지 RM가 아티스트의 상품을 구입한 것으로 알려져 있지만, 풀 타임 컬렉터가 될 가능성이 높겠다.",예측형,긍정,현재,불확실,예측형-긍정-현재-불확실
"Kakaogames의 예측 ""Oumamusme Pritiderby""는 20일 오전 11시에 출시된다.",예측형,긍정,미래,확실,예측형-긍정-미래-확실
"O2O 플랫폼 업계를 호스팅하는 것은 하루 플레이어의 1위와 2위이며, 작년에 인수와 통합을 통해 함께 성장하거나 미래에 집중하는 것은 그들 사이의 경쟁의 전망이 더욱 격렬해질 것이다.",예측형,미정,미래,불확실,예측형-미정-미래-불확실
지배 토큰의 발행 및 분산을 통해 감시 노드의 수를 늘리고 개발자를 격려할 계획이다.,예측형,긍정,미래,확실,예측형-긍정-미래-확실
행정 계획이 종료되면 7 월부터 총 수익 환불율이 허용하는 한계 내에서 연간 임금의 1.5 ~ 2 배에 도달 할 수있는 신용 대출이 가능할 것으로 예상된다.,예측형,긍정,미래,불확실,예측형-긍정-미래-불확실
전망 강수량은 5 ~ 40 mm이며 남서부 해안과 남서부의 내부와 외부에 5 mm의 비가 내릴 것이다.,예측형,미정,미래,불확실,예측형-미정-미래-불확실
그러나 석유 정제 산업의 경우 국제 해상기구 규정이 2020 년부터 기존 3.5 %에서 0.5 %로 선박의 황소 함량을 감소시킬 것이며 작년 4 분기부터 약간 증가 할 것으로 전망된다.,예측형,긍정,현재,불확실,예측형-긍정-현재-불확실
"사용자의 생물 정보에서 선호 정보에 이르기까지, 맞춤형 전략이 그 전략에 따라 AI가 권장된 알고리즘을 사용하여 맞춤형식이 요법과 운동 코칭 서비스를 제공할 수 있겠다.",예측형,긍정,미래,불확실,예측형-긍정-미래-불확실
지금까지 생산 부족에 대한 책임은 단지 일부 회사에 불과했지만 미래에 피해가 자동차 산업에 퍼질 것으로 예상된다.,예측형,긍정,미래,불확실,예측형-긍정-미래-불확실
"토요일 4일, 전국은 일반적으로 명확하지만, 중앙 지방은 아침에 구름이 될 것이다.",예측형,긍정,미래,불확실,예측형-긍정-미래-불확실
BluePosition Games는 기존 EOS 출판 계약이 종료된 후 19일부터 EOS: Double로 이름을 바꾸고 대규모 콘텐츠 업데이트와 함께 직접 서비스를 제공할 예정이다.,예측형,긍정,미래,확실,예측형-긍정-미래-확실
"몽골 파고 (Mongolia Fago)는 서쪽 0.5 ~ 2.0 미터, 남쪽 0.5 ~ 2.5 미터 및 동쪽 1.0 ~ 3.0 미터가 될 것으로 예상된다.",예측형,긍정,과거,확실,예측형-긍정-과거-확실
결과는 아미그달린이 위암 치료에 중요한 수단으로 사용될 수 있다는 가능성을 보여줍니다.,예측형,긍정,현재,확실,예측형-긍정-현재-확실
복사율이 조정됨에 따라 중앙 은행의 복사본 공동 대출율도 곧 바뀔 것으로 예상된다.,예측형,긍정,미래,불확실,예측형-긍정-미래-불확실
VideoMonster는 사용자가 만든 비디오의 객체 정보와 위치 정보를 사용하여 다양한 개발을 계획한다.,예측형,긍정,미래,불확실,예측형-긍정-미래-불확실
"KBN, Shinhan, Hana, UI, IBK Enterprises 및 NH Agricultural Association Bank를 포함한 6개 대형 은행은 7월 4일부터 25일까지 전시회 홈페이지를 통해 종이 유형 신청서를 받게 되며, 종이 유형 통과자에게 8월 24일과 25일에 전시회를 인터뷰할 수 있는 기회를 제공할 예정이다.",예측형,긍정,미래,확실,예측형-긍정-미래-확실
"상업용 비행 분야에서 자동 조종사 기술은 오랫동안 존재했지만, 항공 우주 공학 교수 인 Shenzhen Kaist에 따르면 헬리콥터 조종사는 일자리를 잃는 최초의 노동자가 될 것이다.",예측형,긍정,미래,확실,예측형-긍정-미래-확실
"경찰 장관 김정은은 경찰 내부 네트워크에 ""그는 결코 현장에서 연주하지 않을 것이고 역사의 자격을 갖춘 장관이 될 것""이라며 갈등이 악화 될 것으로 예상된다.",예측형,긍정,미래,불확실,예측형-긍정-미래-불확실
"또한 대규모 기업들은 고속도로와 산시와 같은 기지 시설을 구축하여 투자를 신속하게 할 수 있지만 아직 준비되지 않은 ""중간지""를 즉시 공급할 계획이다.",예측형,긍정,미래,확실,예측형-긍정-미래-확실
"바다의 파도는 서쪽 앞바다에서 0.5m, 남쪽 앞바다에서 0.5m에서 1.0m, 동쪽 앞바다에서 0.5m에서 1.5m이다.",예측형,긍정,미래,불확실,예측형-긍정-미래-불확실
"또한, 이러한 기관은 17에서 전시회에 대한 홈페이지를 열고 재정 정책 모집 정보 플랫폼으로 작동한다.",예측형,긍정,미래,확실,예측형-긍정-미래-확실
대기 역이 국내에서 발생하는 오염 물질을 축적하고 중국과 같은 다른 국가에서 흐르는 오염 물질을 추가 할 것으로 예상되며 주말까지 계속된다.,예측형,긍정,미래,불확실,예측형-긍정-미래-불확실
"판매하지 않는 기업, 여기서 구매하지 않는 소비자는 계속 성장할 것으로 예상된다.",예측형,긍정,미래,불확실,예측형-긍정-미래-불확실
"이와 관련하여 정부는 올해 말까지 알가르브 교통 카드 사용자 수를 현재 39,000명에서 45,000명으로 늘릴 계획이다.",예측형,긍정,미래,불확실,예측형-긍정-미래-불확실
"특히 독감 백신, 독감 백신 및 B 이식 백신과 같은 다양한 백신을 통해 축적된 연구 및 개발 능력은 Corona 19 백신 개발에 적용될 전망이다.",예측형,긍정,미래,확실,예측형-긍정-미래-확실
또한 새로운 코로나 상황이 조직 될 것이라는 신호에 따르면 Bitcoin이 주요 수혜자가 될 전망이다.,예측형,긍정,과거,불확실,예측형-긍정-과거-불확실
짧은 양식 비디오 자동 제작 솔루션 엔터프라이즈 비디오몬스터는 다음 달 긴 양식 비디오 편집 앱 'Vive'를 출시한다.,예측형,긍정,미래,불확실,예측형-긍정-미래-불확실
중국의 차단 조치는 점차적으로 완화되기 시작하고 있으며 미국이 운전 시즌에 들어가면서 휴일 철강 원료 수요가 증가 할 전망이다.,예측형,긍정,미래,불확실,예측형-긍정-미래-불확실
대규모 국내 모바일 게임 시장이 경쟁에 빠질 것으로 전망된다.,예측형,긍정,미래,불확실,예측형-긍정-미래-불확실
Copix 수익률이 상승함에 따라 중앙 은행의 대출률은 16에서 올라갈 전망이다.,예측형,긍정,미래,불확실,예측형-긍정-미래-불확실
"앞으로도 한국 게이머들과의 협력을 더욱 확대할 것이며, 관련 뉴스도 계속 출판될 것이다.",예측형,긍정,미래,불확실,예측형-긍정-미래-불확실
"주 경찰부는 또한 자체 조언 팀을 준비하고 있으며, 행정부와의 미래 권력 갈등이 심화 될 것으로 보인다.",예측형,긍정,미래,불확실,예측형-긍정-미래-불확실
"미시시피는 강을 제외한 모든 지역에서 ""행복""의 수준에있을 것으로 예상된다.",예측형,긍정,과거,불확실,예측형-긍정-과거-불확실
미래에는 내막 수술에 대한 보험료가 크게 줄어들고 일부 응급 수술도 차단될 것이다.,예측형,긍정,미래,불확실,예측형-긍정-미래-불확실
지난 12 월에 명예 은퇴가 실시되었으며 향후 몇 년 동안 연간 360 억 유로의 비용을 절약 할 수있을 것으로 예상된다.,예측형,긍정,미래,불확실,예측형-긍정-미래-불확실
마이크로 관리 농도는 전체 영역을 ‘일반적으로 좋은’ 수준으로 보여줄 것으로 전망된다.,예측형,긍정,미래,불확실,예측형-긍정-미래-불확실
이것을 정상적인 사람의 유전자와 비교하면 어떤 유전자 돌연변이가 암을 일으키는지 알 수있을뿐만 아니라 최대 35 년 안에 암이 발생할지 여부를 예측할 수 있겠다.,예측형,긍정,미래,불확실,예측형-긍정-미래-불확실
"바다 파도는 동해에서 0.5 ~ 1.5 미터, 서해에서 0.5 ~ 1.0 미터, 남해에서 0.5 ~ 1.0 미터, 동해에서 0.5 ~ 1.5 미터, 남해에서 1.5 미터로 전망된다.",예측형,긍정,현재,불확실,예측형-긍정-현재-불확실
날씨는 15 일 동안 전국적으로 분명하지만 서부 해안과 북서부 해안은 때때로 구름이 있겠다.,예측형,긍정,미래,불확실,예측형-긍정-미래-불확실
다양한 유동성 확장 정책이 중국의 확장에 기여할 전망이다.,예측형,긍정,미래,불확실,예측형-긍정-미래-불확실
보유세 부담을 적절한 수준으로 되돌리기 위한 세금 감소와 같은 구체적인 보유세 개혁 제안은 7월에 확인될 예정이다.,예측형,긍정,현재,확실,예측형-긍정-현재-확실
"미래에는 통화 정책의 긴축 시계가 더 빨라질 수 있으며, 리더십, 부채 가구의 경우 금리 부담이 급속히 증가 할 것으로 전망된다.",예측형,긍정,미래,불확실,예측형-긍정-미래-불확실
"또한, 우리는 오픈 게임 플랫폼 Wimicsplay, 대체 Untold 토큰 기반 분산 자치 조직 New Economy, 모든 재정을 가능하게 할 DiPay 서비스 등에 공개 될 다양한 서비스를 설명 할 것이다.",예측형,긍정,미래,불확실,예측형-긍정-미래-불확실
중국의 코로나 19 상황이 실제 시나리오에 들어갔다는 진단으로 중국 주식 시장 상승율이 더욱 강해질 것으로 전망된다.,예측형,긍정,미래,불확실,예측형-긍정-미래-불확실
계획은 게임 기반 스테이크 모델을 통해 선형 순환 생태계를 구축하고 건강한 토큰 경제를 설계하는 것이다.,예측형,긍정,미래,불확실,예측형-긍정-미래-불확실
"전염병으로 인한 수많은 제약과 위기에 의해 억압 된 일상적인 회복을위한 욕망이 강하게 표현되면서, 2022 년은 지금까지 중단 된 일상 생활을 해방시키고 고정 된 아이디어로 경계를 열어 줄 새로운 해가 될 것으로 예상된다.",예측형,긍정,미래,불확실,예측형-긍정-미래-불확실
"또한, 광산의 향후 어려움을 고려할 때, 광산 수입의 광산 비용의 비율은 증가 할 전망이다.",예측형,긍정,미래,불확실,예측형-긍정-미래-불확실
2020년에는 은행들이 제3세계의 어둠을 뚫을 수 있는 ‘디지털 전략’에 집중할 것으로 전망된다.,예측형,긍정,미래,불확실,예측형-긍정-미래-불확실
이 스트라이크에서 업계가 본 피해는 회복하는 데 오랜 시간이 걸릴 것이다.,예측형,긍정,미래,불확실,예측형-긍정-미래-불확실
규제 판사는 100 명 이상의 민간 전문가로 구성되어 있으며 전문 분야에 따라 배정 될 것으로 예상된다.,예측형,긍정,미래,불확실,예측형-긍정-미래-불확실
이 협력을 바탕으로 BoraNetwork는 Mitical Games의 아시아 태평양 플레이 전반 생태계에 대한 가이드 역할을 할 것이다.,예측형,긍정,미래,불확실,예측형-긍정-미래-불확실
이렇게하면 사용자의 사용 가능성을 1 천에서 5 천으로 증가시킬 것이다.,예측형,긍정,미래,불확실,예측형-긍정-미래-불확실
"평가가 분할된다면 연간 1%의 이자율로 총 240,000 명이 덜 부담받을 것으로 예상된다.",예측형,긍정,미래,불확실,예측형-긍정-미래-불확실
"늦은 저녁, 비는 때때로 수도와 시골, 그리고 또한 한국의 북서부 해안에 떨어질 것이다.",예측형,긍정,미래,불확실,예측형-긍정-미래-불확실
특히 공공 생활을 강화하고 배달 비용과 주택 통계를 가까이 할 계획이다.,예측형,긍정,미래,불확실,예측형-긍정-미래-불확실
"Huawei는이 지역의 스타트업 생태계에 1 억 달러를 투자하고 향후 5 년 동안 500,000 명의 사람들에게 디지털 교육을 제공하여 디지털 경제를 발전시킬 수있는 재능을 육성 할 계획이다.",예측형,긍정,미래,확실,예측형-긍정-미래-확실
새로 임명된 대표는 현재 술집의 경영을 담당하고 있으며 고위 절차를 통과 한 후 Crafton 및 술집의 대표 역할을 할 것이다.,예측형,긍정,미래,확실,예측형-긍정-미래-확실
코로나가 조직함에 따라 자동차의 유지 보수 및 검사 방법도 바뀔 전망이다.,예측형,미정,현재,확실,예측형-미정-현재-확실
식품 기술 산업의 최종 지점은 개인화 된 음식이 될 것으로 예상된다.,예측형,긍정,미래,확실,예측형-긍정-미래-확실
이 게임은 국내 Google Play 판매 상위 10에 들어갈 것으로 예상된다.,예측형,긍정,현재,불확실,예측형-긍정-현재-불확실
"작년, 세계 최초의 ""하이퍼 스케일 AI 컴퓨팅""을 앞두고, 공공 기관의 수요뿐만 아니라 민간 시장은 아마존 웹 서비스와 진단 승리를 예측하고 있다.",예측형,긍정,현재,확실,예측형-긍정-현재-확실
전 목사와 그의 동료 두 명의 체포는 오후 늦게 결정될 것으로 전망된다.,예측형,긍정,미래,불확실,예측형-긍정-미래-불확실
가격에 따라 달라지지만 감정적 인 평가 방법으로 유산과 부가세를 부과하면 수억 엔의 가치 세금이 상승 할 수있는 불가피한 전망이다.,예측형,긍정,미래,불확실,예측형-긍정-미래-불확실
"투자 은행 업계에서도 중소기업을위한 특별 사례 목록이 진행될 것이며, 앞으로 관련 기업 목록이 늘어날 것으로 예상된다.",예측형,긍정,미래,불확실,예측형-긍정-미래-불확실
기상 기관은 오늘 아침 서부 중앙 바다에 위치한 고온 압력의 경계에서 국가가 대부분 구름이 될 것이고 중앙 지역은 오후부터 때때로 구름이 될 것이라고 예측했다.,예측형,긍정,과거,확실,예측형-긍정-과거-확실
"넥슨과 EAAsian 스튜디오는 여름 중순에 대규모 업데이트를 통해 비슷한 수준의 클럽과 조건에서 ""가을 도전""이라는 새로운 모드를 추가 할 계획이다.",예측형,긍정,미래,불확실,예측형-긍정-미래-불확실
정부는 냉동을 요구하고 있는 것으로 보인다.,예측형,긍정,미래,불확실,예측형-긍정-미래-불확실
부천 대장지구( 부천 대장지구)는 내년부터 땅 보상이 시작될 전망이다.,예측형,긍정,미래,불확실,예측형-긍정-미래-불확실
특히 일몰이 떨어지는 지역에서는 중앙 내부 지역 주위에 폭풍과 폭풍이 떨어지는 것과 함께 폭풍과 폭풍이 발생할 것이다.,예측형,미정,미래,불확실,예측형-미정-미래-불확실
2017년 이후에 태어난 학생들은 2032년에 대학에 입학하고 2035년에 대학생이 되며 그 이후로 한국의 고급 기술 분야를 선도할 예정이다.,예측형,긍정,미래,불확실,예측형-긍정-미래-불확실
차단된 대도시 지역의 사립 차별화를 촉진하기 위해서는 유지 보수 사업의 환율 등등이 상단 제한 시스템에 반영 될 것으로 예상되며 건설 비용의 재료 비용 감소를 반영 할 수있는 시스템 개선 계획도 제시 될 것이다.,예측형,긍정,미래,불확실,예측형-긍정-미래-불확실
대통령과 우리 재무 총재의 바쁜 손은 그들이 재무 당국과 긴 법적 갈등을 겪을 것이며 작은 부담없이 행동 할 것이라는 신호이다.,예측형,긍정,미래,불확실,예측형-긍정-미래-불확실
맥주와 애완 동물 맥주는 소비자에게 큰 영향을 미치지 않는 큰 세금 변화가 없을 것으로 예상된다.,예측형,긍정,미래,확실,예측형-긍정-미래-확실
"2019 회계 연도에 대한 일반 주당 총 현금 지분, 기본 지급 중간인 당 500 파운드를 포함하여 2,100 파운드이며 해당 연간 지분 추세가 25.6%로 전망된다.",예측형,긍정,미래,확실,예측형-긍정-미래-확실
또한 발행 제한을 확장하기 위해 한국 전력 건설법의 향후 하반기에 추진할 계획이다.,예측형,긍정,미래,불확실,예측형-긍정-미래-불확실
금융 당국은 단순한 카드 자동 지불 검색 기능을 넘어 미래의 자동 지불 카드 운영 서비스를 구축함으로써 금융 소비자의 선택과 카드 회사 서비스의 경쟁력을 높일 계획이다.,예측형,긍정,미래,확실,예측형-긍정-미래-확실
그러나 이러한 수치는 현재 고등학교 또는 대학에 다니는 사람들의 절반 미만이 될 것으로 전망된다.,예측형,긍정,미래,불확실,예측형-긍정-미래-불확실
"탄력 노동 체계의 단위 확대는 의회에 의해 통과되지 않으며, 노동력의 특수 확대의 사유 재산의 확대는 실행 명령을 수정할 수있는 즉시 기간의 단위를 확장 할 것으로 예상된다.",예측형,긍정,미래,확실,예측형-긍정-미래-확실
특히 화재 경보가 오전 11시에 효력을 발휘할 때 따뜻하고 습한 공기가 흐르고 최대 체온이 33도 이상으로 상승하여 매우 뜨겁고 화재 경보가 확장 될 가능성이 있겠다.,예측형,긍정,미래,불확실,예측형-긍정-미래-불확실
기상청에 따르면 오전 5시까지 온도는 평년보다 3~4도 높을 것이지만 낮과 밤의 온도는 10~12시간 높을 것으로 전망된다.,예측형,긍정,현재,확실,예측형-긍정-현재-확실
"외국 자회사의 국내 모회사 지분이 세금이 부과되는 경우, 국가로 흐르는 자금의 효과가 큰 것으로 예상된다.",예측형,긍정,현재,확실,예측형-긍정-현재-확실
"중국은 미국의 바이러스 비상 사태를 보고 있으며, 약속을 이행할지 여부를 걱정하고 있는 것으로 보인다.",예측형,긍정,미래,확실,예측형-긍정-미래-확실
이러한 교육 기관은 곧 추가 절감과 함께 경계에 설 전망이다.,예측형,긍정,미래,확실,예측형-긍정-미래-확실
"세계 증권 거래소는 이미 3,000조 달러 이상 떨어졌고 첫 번째 충격을 주었으며 실제 공장 운영은 실제 경제에 대한 손상에 따라 9 일 후에 가능한다.",예측형,긍정,미래,불확실,예측형-긍정-미래-불확실
"금요일 3 일, 전국에 때때로 구름이 있으며 시야는 어둡겠다.",예측형,긍정,미래,불확실,예측형-긍정-미래-불확실
이 경우 트럼프 대통령이 공공 정책 성취로 자랑했던 첫 번째 단계 합의에 대한 평가의 변화는 미국 선거 정서에 영향을 미칠 것이다.,예측형,긍정,미래,확실,예측형-긍정-미래-확실
"Baugh 교수는 ""국내 사업이라면 LP 자회사 부동산 시장이 완전히 운영되고 세금 혜택이 백업되어 중형 M&A 시장이 활성화 될 수 있도록 두 번째 벤처 붐이 계속 될 것입니다.""라고 말했다.",예측형,미정,현재,불확실,예측형-미정-현재-불확실
"대량 생산은 어렵고, 제조업체의 높은 가격으로 인해 세금의 높은 부분을 차지하는 가정용 맥주는 세금율의 변화로 가격 경쟁이 증가하는 것처럼 보인다.",예측형,긍정,미래,확실,예측형-긍정-미래-확실
"도매 가격은 작년 6 월에 19000 라인으로 형성되었지만 올해는 30-33,000 단위로 형성 될 것으로 전망되며 가격은 70 % 이상으로 상승 할 것이다.",예측형,긍정,미래,불확실,예측형-긍정-미래-불확실
회계 기준으로 인해 2조 달러의 기준으로 평가되는 법의학 생활을 습득하는 것은 쉽지 않을 것으로 전망된다.,예측형,긍정,미래,불확실,예측형-긍정-미래-불확실
올해 세계 경쟁이 계속 감소함에 따라 해외 금융 및 부동산 투자는 크게 줄어들 것으로 보인다.,예측형,긍정,현재,불확실,예측형-긍정-현재-불확실
공식적인 첫 단계가 될 것이다.,예측형,긍정,미래,불확실,예측형-긍정-미래-불확실
"KLPGA는 아시아 여성 골프의 중심지로 등장하며 ""대부분 맑고 밝은 날씨""를 유지할 것으로 예상된다.",예측형,긍정,미래,불확실,예측형-긍정-미래-불확실
WeMade는 또한 Kakao Shopping Live를 통해 오후 10시에 두 번째 쇼케이스 “MirM” 특수 방송 “Total Soldat Point”을 개최한다.,예측형,긍정,미래,확실,예측형-긍정-미래-확실
"한국 고고학 연구국에 따르면, 오늘 아침, 전국의 모든 부분에서 일몰 시간은 서울에서 오후 7시 47분, 인스브룩에서 오후 7시 48분, 비숲에서 오후 7시 40분, 수조에서 오후 7시 47분, 포츠무스에서 오후 7시 33분, 울산에서 오후 7시 43분, 울산에서 오후 7시 42분, 후쿠시마에서 오후 7시 38분, 지앙수에서 오후 7시 40분, 남중국에서 오후 7시 40분이다.",예측형,긍정,현재,확실,예측형-긍정-현재-확실
"인공지능의 경우, 내년에는 대략 41,100 명의 노동력이 필요하며, 배출 된 노동력은 1,1500, 28600 명의 격차가 있지만 2030 년에 수요와 공급 사이의 격차는 71,600 명이 될 것이다.",예측형,긍정,미래,확실,예측형-긍정-미래-확실
2020년에는 한국 경제연구소가 한국의 제4차 산업혁명 분야에서 노동 부족률이 2025년까지 28.3%에 도달할 것으로 예측했다.,예측형,긍정,과거,불확실,예측형-긍정-과거-불확실
"아침의 최대 온도는 14-20도, 가장 낮은 온도는 25-32도로 예상된다.",예측형,긍정,미래,불확실,예측형-긍정-미래-불확실
"이와 함께 정부는 정부 부서, 연구 기관, 경제 협회 및 그룹을위한 규제 전용 조직을 설립하고 규제 혁신 홍보 그룹과 밀접한 관계를 맺어 대량 규제를 개발하고 개발할 것이다.",예측형,긍정,미래,확실,예측형-긍정-미래-확실
중국은 새로운 코로나 바이러스 감염에 대처하고 내부 물을 정상화하기 위해 미국에 약속한 200억 달러의 추가 구매를 적절하게 구현하는 것이 어려울 것이다.,예측형,부정,미래,불확실,예측형-부정-미래-불확실
"만약 모든 중국 학생들이 이 나라에 입국한다면, 지역 사회에서 감염될 확률은 더욱 높아진다.",예측형,긍정,미래,불확실,예측형-긍정-미래-불확실
특히 7 월 14 일 첫날 오전 10시에 열리는 개막 행사에 참여하는 방문객에게는 상금 복권 이벤트에 참여할 수있는 기회를 제공한다.,예측형,긍정,미래,확실,예측형-긍정-미래-확실
개발과 관련된 기술적 경험뿐만 아니라 외부에 공개되지 않은 새로운 작업의 세부 사항은 강의를 통해 발표 될 것으로 전망된다.,예측형,긍정,미래,불확실,예측형-긍정-미래-불확실
"방어 소년 후, 올해의 ""기생충""이 연례 홈런을 때리고 한국의 콘텐츠 지향적 인 사랑의 색으로 이어질 것으로 전망된다.",예측형,긍정,미래,불확실,예측형-긍정-미래-불확실
"동시에, 섬은 동부 중앙 바다의 약한 대기 압력에 영향을받을 것이며, 밤에 비 또는 눈이 올 것이다.",예측형,긍정,미래,불확실,예측형-긍정-미래-불확실
그들은 또한 각 팀의 1:1 일치 개발자 리더와 온라인 멘토링을 통해 현장에서의 실시간 지식을 전달할 것이다.,예측형,긍정,미래,불확실,예측형-긍정-미래-불확실
"인플레이션 두려움은 정체로 옮겨지고 있으며, 한동안 주식, 채권 및 환율 시장이 약한 시장을 제거 할 수 없을 전망이다.",예측형,긍정,현재,불확실,예측형-긍정-현재-불확실
두 곳 모두 은행이 아닌 부문을 강화할 필요성을 강조하고 있으며 최고 경영진이 획득하고 통합하려는 의지가 그 어느 때보다 강해질 것으로 예상된다.,예측형,긍정,미래,불확실,예측형-긍정-미래-불확실
여성 인턴십 헌신을 통해 새로운 보고서는 열정과 능력으로 창조적 인 여성 재능을 육성하는 데 적극적으로 참여할 것이다.,예측형,긍정,현재,확실,예측형-긍정-현재-확실
특히 한국 선수들 사이에서 세계 16위를 차지한 '시즌 초에 모든 것 하나' 전략의 여섯 번째 위치는 또한 피할 수없는 공격의 전망이다.,예측형,긍정,미래,불확실,예측형-긍정-미래-불확실
"로봇이 공장에서 했던 것처럼, 무인 항공기의 자동화 된 기술은 조종사의 일자리를 대체하거나 적어도 지상에있는 무인 항공기 운영자의 수가 증가하고 조종사를 대체 할 것이다.",예측형,긍정,미래,확실,예측형-긍정-미래-확실
"""CloJet""은 코로나 19의 확산에 대한 우려 가운데 여전히 백만 개의 획득을 앞두고 있지만 12 일에 피할 수없는 Chung Yuan의 감독자의 ""정직한 후보""와의 대결이있을 것이다.",예측형,긍정,미래,불확실,예측형-긍정-미래-불확실
"한편, APEC 정상회의 장소는 외교부로 구성된 선정위원회의 검토를 통해 2024년 초에 최종적으로 결정될 예정이다.",예측형,긍정,미래,확실,예측형-긍정-미래-확실
"2030 년까지 생산 시설에 3,200 억 달러 이상을 투자하여 지능형 프로세스 시스템을 구축하고 가상 및 증폭 현실에서 자동화 기술과 인공 지능 기술을 갖춘 미래 유형의 선박을 만들 예정이다.",예측형,긍정,미래,불확실,예측형-긍정-미래-불확실
국제사회가 소비자들에게 모바일 장치와 자동차와 같은 제품을 판매하는 기업을 디지털 세금 목표에 포함시키는 것에 동의함에 따라 삼성 전자 및 현대 자동차와 같은 국내 기업도 영향을 받게 될 것이다.,예측형,긍정,미래,불확실,예측형-긍정-미래-불확실
현재 증권세는 0.23%이지만 내년에는 0.2%로 떨어질 것으로 전망된다.,예측형,긍정,미래,불확실,예측형-긍정-미래-불확실
이는 20kg 당 30퍼센트 이상인 것으로 추정됐다.,예측형,긍정,과거,불확실,예측형-긍정-과거-불확실
인증 된 인증서의 독점적 인 상태가 사라지면 미래에는 간단한 암호와 생체 인식과 같은 다양한 인증 방법이 적극적으로 사용될 것으로 예상된다.,예측형,긍정,미래,불확실,예측형-긍정-미래-불확실
월스트리트의 바클레이스와 제프리스 투자 은행은 5 월 가격 상승을 발표 한 후 Fed가 0.75 % 포인트의 이자율을 올릴 것으로 전망했다.,예측형,긍정,과거,확실,예측형-긍정-과거-확실
"일본 게임 ""Umamusme Pritiderby""는 20일, 한국 게임 ""Mir M""는 23일, 중국 게임 ""Hiani Moondoom M""는 24일에 출시될 예정이다.",예측형,긍정,현재,확실,예측형-긍정-현재-확실
금 투자에 대한 관심이 높아질 것으로 전망된다.,예측형,긍정,현재,불확실,예측형-긍정-현재-불확실
"동해의 중간에, 매우 강한 바람과 파도가 매우 높을 것이며, 파도에 의해 유발 된 파도가 해안 도로 또는 방패를 넘어 갈 곳이있을 것이다.",예측형,긍정,미래,불확실,예측형-긍정-미래-불확실
올해는 Watch 플랫폼에서 10 개의 다른 P2E 게임을 소개 할 예정이다.,예측형,긍정,미래,불확실,예측형-긍정-미래-불확실
"16 이후, 1 시간 동안 스트리밍 플랫폼 twitch에서 활성화 된 ""Dropbox""를 가진 방송을 볼 때마다 ""스킨 박스""선물 이벤트가 개최 될 것이며, 이는 한정판 에이전트 피부를 얻을 수 있겠다.",예측형,긍정,미래,불확실,예측형-긍정-미래-불확실
혼란스러운 경쟁이 저비용 상태로 들어가면 시장에서 살아남은 사업가가 소비자의 편리함과 신뢰성을 보장하기에 충분하지 않으며 미래 시장의 판단이 될 것이다.,예측형,긍정,미래,확실,예측형-긍정-미래-확실
실제 게임 판매를 기반으로 한 스테이크 모델을 통해 사용자 참여와 합리적인 보상 제안이 순환되는 생태계를 구축하고 글로벌 비즈니스 능력과 게임 운영 기술뿐만 아니라 건강한 토큰 경제를 설계 할 계획이다.,예측형,긍정,미래,불확실,예측형-긍정-미래-불확실
"7월 1일, WeMix 3.0은 TestNet와 함께 출시되며, 3분기에 WeMix Difi와 Neil을 출시할 예정이다.",예측형,긍정,미래,불확실,예측형-긍정-미래-불확실
"기상국에 따르면, 경기 후반에는 동쪽과 계곡 내륙과 태양, 동쪽 내륙, 북쪽 내륙과 북쪽 서쪽 내륙에서 태양광이 약 5 ~ 30mm 떨어질 것으로 예상된다.",예측형,긍정,미래,확실,예측형-긍정-미래-확실
"장미, 폭풍우, 여름과 같은 계절적 요인은 승용차 사용량을 증가시킬 것으로 전망되므로 추위가 올 때 검사를 지연시킨 실패가 증가한다.",예측형,미정,현재,불확실,예측형-미정-현재-불확실
이란의 민간 항공기 폭격은 상황을 진정시켰지만 핵무기를 개발하고 있는 이란은 결코 멈추지 않을 것이다.,예측형,긍정,미래,불확실,예측형-긍정-미래-불확실
미국 연방 보유소의 급속한 긴축 시계 외에도 우리나라는 또한 불가피한 대규모 기준금리 인상에 직면 할 수있는 전망이 있다.,예측형,긍정,미래,불확실,예측형-긍정-미래-불확실
김 교수는 웹 3.0의 핵심 기술으로 논의되는 NFT의 본질을 탐구하고 비즈니스와 함께 앞으로 나아갈 때 고려 사항을 논의한다.,예측형,긍정,미래,확실,예측형-긍정-미래-확실
"100세 된 사무총장이 제거되며, 최상급 수사도 어려움을 겪을 것으로 예상된다.",예측형,긍정,미래,불확실,예측형-긍정-미래-불확실
특히 Yuan Shenyang 대통령이 강조한 선진 산업 재능 개발과 관련된 규제 연약 제안과 미래에 반도체와 같은 새로운 산업의 경쟁력을 보장하기위한 정부의 규제 개혁 조치가 더욱 확대 될 것으로 예상된다.,예측형,긍정,미래,불확실,예측형-긍정-미래-불확실
아침에는 비가 내리거나 비가 올 것이다.,예측형,긍정,미래,불확실,예측형-긍정-미래-불확실
3 주간 시작하지만 여전히 실시간 예측률 1을 실행하는 것은 이번 주말 이익 분해점을 깨는 것처럼 보인다.,예측형,긍정,미래,확실,예측형-긍정-미래-확실
참가자들이 Cloud 및 Durey 서비스를 직접 경험할 수 있는 경험 스탠드도 마련될 예정이다.,예측형,긍정,미래,확실,예측형-긍정-미래-확실
Fintech 기업 독립 계좌의 일반화로 개인 자산을 보유하고 투자하는 과정에서 중요한 변화가 예상된다.,예측형,긍정,미래,확실,예측형-긍정-미래-확실
"바다의 파도는 동해, 서해 및 남해 전해에서 0.5 ~ 1.0m이다.",예측형,긍정,미래,불확실,예측형-긍정-미래-불확실
"또한, 그것은 ""알 자산""의 개념을 도입하고 또한 NFT와 같은 소위 회색 영역에 위치한 가상 자산의 출판을 요구할 계획이다.",예측형,긍정,미래,불확실,예측형-긍정-미래-불확실
반면에 0.5% 포인트 증가가 7%로 예상되었겠다.,예측형,긍정,과거,확실,예측형-긍정-과거-확실
"15일 채권 수익률은 전반적으로 상승할 것이며, 5년 금융 수익률을 바탕으로 하는 공동 기업의 고정 수익률은 계속 상승할 것이다.",예측형,긍정,미래,불확실,예측형-긍정-미래-불확실
그러나 미래에는 일반 및 지리적 회사와 감독 및 비상 조항의 조건이 고려되지 않으며 주주율에 따라만 감소율을 적용 할 계획이다.,예측형,긍정,미래,확실,예측형-긍정-미래-확실
"두 사수 모두 좋은 모습을 보여주면 ""왼쪽""김정은의 가치가 더 높을 가능성이 높겠다.",예측형,긍정,미래,불확실,예측형-긍정-미래-불확실
이 보고서는 코로나 19 공격 이전에 발표되었기 때문에 미래의 성장률이 더욱 강해질 것으로 예상된다.,예측형,긍정,미래,불확실,예측형-긍정-미래-불확실
"아크로비스타 주민들은 3일 전에 조용한 문서에 서명하여 시위 기간 동안 마이크, 스피커 및 증폭기의 사용을 금지하고 다음 주 경찰에 조용한 문서를 제출하도록 요청했다.",예측형,긍정,미래,확실,예측형-긍정-미래-확실
"Blizzard는 또한 Overwatch 2의 출시와 함께 새로운 공격 영웅 ""Junkirkvin""을 발표 할 것이다.",예측형,긍정,미래,불확실,예측형-긍정-미래-불확실
"또한 연간 6,000 파운드에 50 % 이상 증가 할 것으로 예상된다.",예측형,긍정,과거,불확실,예측형-긍정-과거-불확실
"치료를받을 수있는 특별한 상황이었다는 것을 증명하지 않았다면, 심지어 당신이 myeloma로 진단 받았더라도, 30,000 이상의 보험료를 얻는 것은 어렵겠다.",예측형,부정,미래,불확실,예측형-부정-미래-불확실
다양한 정체성 인증 서비스 제공 업체의 급격한 변동은 Corona 19 이후 극단적 인 소비 경향의 확장에서 빠르게 성장한 시장을 이끌 전망이다.,예측형,긍정,미래,확실,예측형-긍정-미래-확실
Ibningplus는 서울시 센터와 남중국 센터 2점을 15점부터 운영하고 8월 말에 디지털 포인트를 추가할 예정이다.,예측형,긍정,미래,불확실,예측형-긍정-미래-불확실
회사는 파일럿 프로젝트로 선정된 두 마을의 형성 과정을 지속적으로 검토하고 컨설팅 서비스를 통해 사업을 안정적으로 홍보할 수 있도록 지원할 것이다.,예측형,긍정,미래,확실,예측형-긍정-미래-확실
이를 위해서는 할인 마케팅이 계속되어야하는 한 수익성있는 관리가 중요한 과제가 될 것으로 예상된다.,예측형,긍정,미래,불확실,예측형-긍정-미래-불확실
내부에도 어두운 구름이 있을 것이다.,예측형,미정,미래,불확실,예측형-미정-미래-불확실
"게다가, 게임과 예술 사이를 탐구하는 예술가들의 작품은 NDC Art Exhibition에서 전시되며, Prassia Electric의 개념과 세계관이 공개된다.",예측형,긍정,미래,불확실,예측형-긍정-미래-불확실
57개 금융 국가와의 공동 고용 박람회는 8월 말에 열릴 예정이다.,예측형,긍정,미래,확실,예측형-긍정-미래-확실
"사용자는 다양한 안정적인 동전, Ripple 본부를 공유하는 다양한 토큰 및 거래량을 Ripple의 보증으로 발행 할 수 있겠다.",예측형,긍정,미래,불확실,예측형-긍정-미래-불확실
"게임 업계와 요네이 정부의 게임 정책 전략과 기본 프레임 워크를 설립하기 위해 논의가 예정되어 있으며, 21차 국회 의장으로 선출되는 김정일 의원과 문화 및 스포츠 관광부 장관 파초 베이커가 참석하고 축하한다.",예측형,긍정,미래,불확실,예측형-긍정-미래-불확실
경제산업위원회 (Economic and Industrial Commission)는 도쿄를 포함한 일부 지역의 전력 공급 예비가 7 월에 3.1%에 도달 할 것으로 예상한다.,예측형,긍정,미래,불확실,예측형-긍정-미래-불확실
"특히 배우자를 위한 컨설팅 프로그램을 개발하고, 지역 고위 보호 전문가들에게 배치하고, 현장 응답 능력을 강화하기 위한 훈련을 실시할 것이다.",예측형,긍정,미래,불확실,예측형-긍정-미래-불확실
공동 조치는 국가세청에서 얻은 세금 관련 데이터를 분석하여 세금 관련 주장을 증명할 계획이다.,예측형,긍정,미래,불확실,예측형-긍정-미래-불확실
"또한, 여전히 마스크를 벗어날 수없는 실내 및 야외 제품은 모든 자연적인 피부 표현, 메이크업은 마스크에 묻혀 있지 않거나 두꺼운 피부 표현 대신 자연스럽게 피부 결함을 덮을 수있는 ""Fadefree""트렌드가 대략 따릅니다.",예측형,긍정,미래,확실,예측형-긍정-미래-확실
KT 클라우드는 4월의 공격 이후에 설립될 스마트 테크 한국 단계를 적극적으로 활용하여 개인 잠재 고객을 만나고 그들과 통신할 계획이다.,예측형,긍정,미래,확실,예측형-긍정-미래-확실
"결국 국내 은행들은 상대적으로 쉬운 이자율로 돌아갈 뿐, 외국인 투자자들은 더 이상 한국 금융회사를 바라보지 않을 것이다.",예측형,부정,미래,불확실,예측형-부정-미래-불확실
동시에 현재 세율은 5 %의 낮은 수준에 있으므로 양세 변화로 인한 가격 영향이 큰 것으로 예상되지 않겠다.,예측형,긍정,미래,확실,예측형-긍정-미래-확실
"2030년까지 평균 연간 성장률은 43,8%가 될 것이며 3조2700억 달러로 성장할 것으로 전망된다.",예측형,긍정,미래,불확실,예측형-긍정-미래-불확실
"기상 기관에 따르면 아침까지 때때로 산의 북부와 동부 해안에 5mm 미만의 비가 내릴 것이며 아침까지 산의 동부와 남부 해안, 산의 북부와 북부 해안에 0.1mm 미만의 비가 내릴 것이다.",예측형,긍정,미래,불확실,예측형-긍정-미래-불확실
"이러한 상황에서, 첼시의 반정부의 은퇴와 3경기 정지의 훈련은 광주민의 귀환 후 권력에서 멈추고, 몇 경기는 다음 시즌 토텐엄의 챔피언십에 갈 것으로 예상된다.",예측형,긍정,미래,확실,예측형-긍정-미래-확실
우리가 감염 예방에 초점을 맞추면 부산에있는 중국 대표팀의 위치에서 긍정적 인 효과를 기대할 수 있겠다.,예측형,긍정,미래,불확실,예측형-긍정-미래-불확실
"정부는 올해 8월 이후 계약을 갱신할 권리를 이용한 임대인이 재계약을 할 수 없을 것이라는 우려를 제기했으며, 새로운 세금 송금을 받으면 주택 안정성이 전례없는 총 가치로 불안정해질 수 있으며, 이는 국립주택기금이 지원하는 ""더 나은 팀 세금 기금 대출""의 지원을 확장시킬 것이라는 우려를 제기했다.",예측형,긍정,미래,불확실,예측형-긍정-미래-불확실
"첫째, 중소기업과 중소기업은 29조 1억 원의 추가 관리 자금을 받을 것이며, 이는 기업 자금 조달을 폭발시킬 것이다.",예측형,긍정,미래,불확실,예측형-긍정-미래-불확실
"특히, 회사의 투자는 ""투자 프로젝트 관련 규정""을 파악하고 그들에 집중함으로써 차단된다.",예측형,긍정,미래,불확실,예측형-긍정-미래-불확실
개발자는 “Prasia Electric” 개발 팀의 관심과 방법론을 공유한다.,예측형,긍정,미래,불확실,예측형-긍정-미래-불확실
Dungeon's Fighter Mobile가 실질적으로 가장 높은 기대라는 의미에서 중국 시장이 성과에 관심을 가질 전망이다.,예측형,긍정,미래,불확실,예측형-긍정-미래-불확실
"16일 기상청에 따르면, 17일 오후 늦게부터 경기의 밤과 남쪽과 서쪽 광장 사이에 남쪽과 북서쪽 광장에는 태양이 일어날 것이며 폭풍과 폭풍과 폭풍이 일어날 것이다.",예측형,미정,미래,확실,예측형-미정-미래-확실
"개발이 완료되면 인구가 20,000을 초과 할 것으로 전망된다.",예측형,긍정,미래,불확실,예측형-긍정-미래-불확실
또한 위험 관리 능력은 이익을 창출하고 지불 가능한 안정성을 유지할 것으로 예상된다.,예측형,긍정,과거,확실,예측형-긍정-과거-확실
"스포츠에서 전반적인 도로지도를 그리는 수준에서, 미래의 스포츠에 적합한 게임은 갤럭틱 게임을 통해 계속 출시 될 것이다.",예측형,미정,과거,확실,예측형-미정-과거-확실
"정부는 지난 2일 마스크 제조 공장을 마스크 가격의 혼란과 재고 부족에 대한 반응으로 24시간 운영할 것이라고 발표했으며, 따라서 관련 회사들이 특별한 작업 연장을 신청할 것으로 예상된다.",예측형,긍정,미래,확실,예측형-긍정-미래-확실
"우리 두 직원의 각각 총 4 명의 직원이 있으며, 미래의 상황에 따라 오전 10시부터 오후 3시까지 근무 시간은 탄력적으로 작동 할 예정이다.",예측형,긍정,미래,불확실,예측형-긍정-미래-불확실
"낮과 저녁 사이에 라키네의 남쪽과 내륙 산과 라키네의 남동쪽 산과 라키네의 남동쪽 산, 라키네의 북동쪽 산과 라키네의 북동쪽 산과 라키네의 남동쪽 산과 라키네의 남동쪽 산과 라키네의 남동쪽 산과 라키네의 남동쪽 산에 비가 올 것이다.",예측형,긍정,미래,불확실,예측형-긍정-미래-불확실
법무부는 곧 7일 검사위원회를 다시 개방하고 징계위원회의 결과를 징계와 수정 내용에 따라 제출할 예정이다.,예측형,긍정,미래,불확실,예측형-긍정-미래-불확실
최대 온도는 전날보다 4~12도 높아질 예정이다.,예측형,긍정,과거,확실,예측형-긍정-과거-확실
새로운 바이러스가 다시 한 번 사람들을 위협할 것이다.,예측형,긍정,미래,확실,예측형-긍정-미래-확실
"만약 11월의 대통령 선거에서 트럼프가 선출될 확률이 낮다면, 이는 코로나 19 긴급 상황에 의해 연장될 것이라면, 중국은 소비 부족으로 인해 의무 수입을 이행하지 못할 가능성이 높다.",예측형,긍정,미래,불확실,예측형-긍정-미래-불확실
Blizzard는 또한 17일 오전 2시에 Overwatch 2 공공 이벤트의 라이브 스트리밍을 통해 서비스 모델과 계절 콘텐츠 계획을 발표할 예정이다.,예측형,긍정,미래,불확실,예측형-긍정-미래-불확실
현장 검토 및 데모의 전체 과정은 실시간으로 온라인으로 진행되며 현장을 방문하는 시청자는 게임의 내용을 직접 경험할 수 있겠다.,예측형,긍정,미래,불확실,예측형-긍정-미래-불확실
산업 당국자들은 노동자들 사이의 수중 대화가 계속되고 있지만 양측 간의 파업은 끝이 없을 것으로 전망된다고 말한다.,예측형,긍정,미래,확실,예측형-긍정-미래-확실
"원래 히트 이후 세계관을 포함하는 MMORPG ""Hit2""의 경우, 그것은 사용자가 원래 히트보다 더 큰 세계관의 위대한 여행에 올라가는 느낌을 제공하기 위해 설계된 음악의 탄생 배경과 구성 과정을 설명 할 것이다.",예측형,긍정,현재,불확실,예측형-긍정-현재-불확실
따라서 전망은 수출의 비율이 높을 때까지 세 가지 식품이 이익을 얻을 것이라는 것이다.,예측형,긍정,미래,확실,예측형-긍정-미래-확실
"＇월드 오브 드래곤네스트＇는 오는 8일 말레이시아, 싱가포르, 인도네시아, 필리핀, 태국 등 5개 국가에 동시 출시될 예정이며 감마니아를 통해 대만 지역 출시도 준비 중이다.",사실형,미정,현재,확실,사실형-미정-현재-확실
"LAH는 에어버스헬리콥터의 H155B1 플랫폼을 기반으로 최신 항전장비와 무장사격통제장비를 탑재하고, 조종 편의성, 생존성 등이 강화되어 통합작전에 최적화된 기체로 2019년 상공적인 초도비행을 거쳐 2022년까지 개발 완료 예정이다.",사실형,미정,미래,확실,사실형-미정-미래-확실
＂확진 임신부가 태아나 신생아에게 코로나를 전염시킬 수 있나?＂,대화형,미정,미래,불확실,대화형-미정-미래-불확실
최대 8인의 전투부대를 구성해 지옥성물함 공격대 우두머리에 도전할 수 있으며 150명으로 구성된 클랜을 통해 대규모 PvP 콘텐츠인 ＇투쟁의 굴레＇를 즐길수도 있다.,추론형,미정,미래,불확실,추론형-미정-미래-불확실
언제쯤 코로나19 관련 기사를 쓰지 않아도 되는 날이 올까요.,대화형,미정,미래,불확실,대화형-미정-미래-불확실
모집 기간은 다음달 5일까지며 인터뷰 및 초빙 설명회는 다음달 10일 서울에서 진행될 예정이다.,사실형,미정,미래,불확실,사실형-미정-미래-불확실
한국인 경제력의 25분의 1에 불과한 북한 주민이 정말 인구절벽에 선 대한민국의 마지막 희망인 것일까.,대화형,미정,미래,불확실,대화형-미정-미래-불확실
"한국형 장거리공대지유도탄은 적의 대공위협지역에서 벗어난 거리에서 전략 표적을 정밀 공격할 수 있는 순항유도탄으로 독일산 타우러스 대비 낮은 도입 단가와 유지 비용, 더 높은 정밀도, 항재밍 능력 등 주요 성능은 동급 이상으로 항공 플랫폼 탑재 효율성 및 생존성 극대화를 위해 소형화, 경량화, 항공연동화, 스텔스 기능까지 더해질 예정이다.",사실형,미정,미래,확실,사실형-미정-미래-확실
"또 빙하나 동토가 녹은 물이 토양을 오염시키거나, 강과 호수 등 식수원에 유입될 가능성도 있습니다.",대화형,미정,미래,불확실,대화형-미정-미래-불확실
경찰은 A씨 폭로 이후 김씨가 주점 관계자들을 동원해 A씨를 압박했다는 의혹도 조사 중이다.,사실형,미정,현재,확실,사실형-미정-현재-확실
패스트푸드 시장은 앞으로 어떻게 될까.,대화형,미정,미래,불확실,대화형-미정-미래-불확실
서방 학자들이 흔히 범하는 희망적 사고나 확증 편향 오류였을까.,대화형,미정,과거,불확실,대화형-미정-과거-불확실
＂성동구청과 성동경찰서를 옮겨 왕십리광장과 왕십리역 일대에 비즈니스 타운을 조성할 계획입니다.＂,대화형,미정,미래,불확실,대화형-미정-미래-불확실
경찰은 박 씨가 앞서 달리던 화물차를 제대로 보지 못해 사고가 난 것으로 보고 있다.,사실형,미정,현재,불확실,사실형-미정-현재-불확실
이제 관심은 ＇기생충＇이 영화 산업 중심지 북미에서 비영어 작품으로 최고의 흥행 기록을 세울지다.,사실형,미정,미래,확실,사실형-미정-미래-확실
여기에다가 외부 추천위원들의 추천·동의 절차를 신설하겠다는 것이다.,사실형,미정,미래,확실,사실형-미정-미래-확실
"그러나 최근에는 표적치료제의 등장으로 전이성 유방암 치료 성적이 크게 개선됐으며, 5년 이상의 장기 생존 역시 기대할 수 있게 됐다.",사실형,미정,현재,불확실,사실형-미정-현재-불확실
"＂무모한 돈키호테인가, 용감한 영웅인가?＂.",대화형,미정,현재,불확실,대화형-미정-현재-불확실
국내 게임 시장의 최고 인기 장르 중 하나인 MMORPG에 등장하는 캐릭터는 어떻게 개발될까.,사실형,미정,미래,불확실,사실형-미정-미래-불확실
마이크로소프트는 해당 게임의 글로벌 발매와 동시에 엑스박스 게임패스로도 이용할 수 있게 제공할 예정이다.,사실형,미정,미래,확실,사실형-미정-미래-확실
어린애들까지 1인당 10만원씩 나눠 쓴다고 과연 얼마나 소비 진작 효과가 생길까.,대화형,미정,미래,불확실,대화형-미정-미래-불확실
그러나 20세기 초반 미국인들을 더 큰 공포로 몰아넣은 것은 1929년의 대공황이 아니었을까.,대화형,미정,과거,불확실,대화형-미정-과거-불확실
"단 어떤 영웅도 2주 연속 제외되지 않으며 영웅 로테이션은 팬, 선수 등의 의견을 적극 수렴해 시즌 중에도 수정될 수 있다.",추론형,미정,미래,확실,추론형-미정-미래-확실
"아침에 일어나서 잠이 들 때까지 스크린을 통한 정보를 뇌에 입력받으며 정보의 홍수 속에 살아가는 정보화 시대. 과연 하루 동안 내리는 다양한 의사결정의 주체는 과연 ＇나＇일까, 아니면 나의 뇌 속에 들어와 있는 ＇정보＇일까.",대화형,미정,현재,불확실,대화형-미정-현재-불확실
"하지만, 뇌가소성의 효과일까.",대화형,미정,미래,불확실,대화형-미정-미래-불확실
공군 대형 수송기 도입 및 중소형 수송기 국내 개발에 KUH-1 기동헬기와 LAH 소형무장헬기 기술제휴 이상의 통크고 파격적인 제안을 통해 에어버스와 우리나라 항공우주방위산업기업들과 상호 경제적인 전략적 파트너쉽으로 이어지기를 기대해본다.,추론형,미정,미래,불확실,추론형-미정-미래-불확실
연내 중국 내 주요 도시의 랜드마크를 중심으로 5호점까지 늘릴 계획이다.,사실형,미정,미래,불확실,사실형-미정-미래-불확실
이미 농축산물 가격이 고공행진을 벌이는 상황이라 정부 대책이 얼마나 효과를 거둘지는 미지수다.,사실형,미정,미래,불확실,사실형-미정-미래-불확실
HDMI 포트를 통해 대형 TV에 연결해 내장된 20가지의 네오지오 오리지널 게임을 즐길 수 있으며 추가 게임도 주기적으로 공개될 예정이다.,사실형,미정,미래,확실,사실형-미정-미래-확실
"이렇게 면역력이 약한 상태에서 암 수술이나 항암치료, 방사선치료를 받게 되면 면역력 회복에 어려움을 겪을 수 있다.",추론형,미정,현재,불확실,추론형-미정-현재-불확실
그런데 필자만의 편견일까?,대화형,미정,현재,불확실,대화형-미정-현재-불확실
국내 유통공룡들은 어떤 생존 전략을 준비하고 있나.,대화형,미정,현재,불확실,대화형-미정-현재-불확실
때마침 미국과 중국 간 2단계 무역 협상이 진행 중이다.,사실형,미정,현재,확실,사실형-미정-현재-확실
산속에서 호환을 피할 수는 없을까.,대화형,미정,미래,불확실,대화형-미정-미래-불확실
"글로벌 진출 일환으로 싱가포르 굴지의 메디컬그룹 JYSK그룹과 글로벌 진출을 위한 업무협약을 맺고, 싱가포르 비만 클리닉 1호점을 비롯해 아세안 국가에 100개 이상 클리닉을 개소할 계획이다.",사실형,미정,미래,확실,사실형-미정-미래-확실
어떤 스윙일까요.,대화형,미정,현재,불확실,대화형-미정-현재-불확실
출품을 희망하는 직업계고 학생들은 5인 이내의 팀을 구성해 온라인으로 참가 신청할 수 있다.,사실형,미정,현재,확실,사실형-미정-현재-확실
3년 만에 다보스를 찾은 정의선 현대차 수석부회장은 기술혁신과 비용절감을 통해 수소사회를 앞당기겠다는 방안을 구상 중이다.,사실형,미정,현재,확실,사실형-미정-현재-확실
두 사람이 주고받은 시가 한 질이나 됐으며 당시 공경대부도 백대붕의 문장에 감탄해 그를 함부로 대하지 못했다고 한다.,사실형,미정,과거,확실,사실형-미정-과거-확실
송 큐레이터는 지인들과 작품 소유 정리에 실패한 것일까?,대화형,미정,현재,불확실,대화형-미정-현재-불확실
＂확진된 영아 옷과 침구류는 재사용이 가능한가?＂,대화형,미정,미래,불확실,대화형-미정-미래-불확실
"AI가 바리스타와 바둑기사가 되어 곳곳에서 사람을 밀어내는 지금, ＇인간다움＇이란 어디에 있을까.",대화형,미정,현재,불확실,대화형-미정-현재-불확실
그래도 막상 그곳을 떠올린다면 다르지 않을까.,대화형,미정,현재,불확실,대화형-미정-현재-불확실
＂확진된 산모와 신생아가 같은 방에서 지내도 되나?＂,대화형,미정,미래,불확실,대화형-미정-미래-불확실
"국내 민간항공사 가운데, 현재까지는 대한항공만 B787-9 10대를 도입하여 운용 중이며, 추가 주문한 10대 외에 B787-10도 20대 도입 예정으로 국제선 장거리노선의 주력 기종으로 투입할 예정이다.",사실형,미정,미래,확실,사실형-미정-미래-확실
경찰은 A씨가 남긴 메모 및 주변인 진술 등을 토대로 구체적 사건 경위를 파악 중이다.,사실형,미정,현재,확실,사실형-미정-현재-확실
"＇코로나 팬데믹도 다 끝나가는 마당에, 이제 와서 마스크 마케팅을 왜 할까＇ 의문이 들 수도 있다.",추론형,미정,현재,불확실,추론형-미정-현재-불확실
한국의 경우 콘솔 중심의 서구권 시장보다는 PC온라인게임이 주를 이뤘던 중국을 비롯한 아시아권 시장에서 성장한 탓도 크다.,사실형,미정,과거,확실,사실형-미정-과거-확실
불안과 위험스러운 환경이 인간의 뇌로 하여금 편리함과 안전을 선택하게 만드는 미래 사회는 과연 어떠한 모습일까.,대화형,미정,미래,불확실,대화형-미정-미래-불확실
첫 시즌에는 20만 달러 이상을 지원할 예정이다.,사실형,미정,미래,확실,사실형-미정-미래-확실
지난 12일 교섭에서 결렬을 한 번 초래한 요인이기도 하고 자칫 이번 총파업과 유사한 노동계 투쟁의 불씨가 될 수 있다.,추론형,미정,미래,불확실,추론형-미정-미래-불확실
세종시 아파트가 들썩거리는 이유는 무엇일까.,대화형,미정,현재,불확실,대화형-미정-현재-불확실
그 이유는 뭘까.,대화형,미정,현재,불확실,대화형-미정-현재-불확실
장인은 노점을 개설해 다른 이용자에게 아이템을 판매하고 재화를 획득할 수도 있다.,사실형,미정,미래,불확실,사실형-미정-미래-불확실
이 극을 본 난 뒤 관객들은 대부분 비슷한 감상을 하지 않을까 싶다.,추론형,미정,미래,불확실,추론형-미정-미래-불확실
대테러 작전이라지만 전쟁을 불사할 만큼 그렇게 긴박한 상황이었을까?,대화형,미정,과거,불확실,대화형-미정-과거-불확실
"미국이 0.75%포인트 금리 인상에 나설 경우, 미국의 기준금리 상단이 1.75%가 돼 한국의 기준금리와 같아지게 된다.",사실형,미정,미래,불확실,사실형-미정-미래-불확실
뿜을 때까지 기다리지 말고 촘촘히 대책을 마련해야 할 것이다.,추론형,미정,미래,확실,추론형-미정-미래-확실
그럼 주목할 만한 종목으로는 어떤 것이 있을까요.,대화형,미정,현재,불확실,대화형-미정-현재-불확실
근래 들어 동물 소재 영화가 범람하는 이유는 무엇일까.,대화형,미정,현재,불확실,대화형-미정-현재-불확실
전장에 배치된 구조물을 파괴해 유불리를 전환할 수도 있다.,사실형,미정,미래,불확실,사실형-미정-미래-불확실
볼일을 보고 꼭지만 누르면 그걸로 끝이라고 믿었는가.,대화형,미정,과거,불확실,대화형-미정-과거-불확실
＇교외 경시대회＇로 분류돼 이를 쓸 경우 오히려 불이익을 받을 수 있다.,사실형,미정,현재,확실,사실형-미정-현재-확실
"핵심적인 추진과제로 민간사업 부문 경유차 퇴출 유도, 시민과 함께 ＇경유차 안 사고 안타기＇ 운동 전개, 경유차 감축을 위한 제도개선 정책을 과감하게 추진한다는 계획이다.",사실형,미정,현재,확실,사실형-미정-현재-확실
"둘째, 콘택트렌즈도 너무 오래 쓰면 안구건조증의 원인이 될 수 있다.",사실형,미정,미래,불확실,사실형-미정-미래-불확실
그런데 현실은 어떨까?,대화형,미정,현재,불확실,대화형-미정-현재-불확실
＂모유 수유로 영아에게 코로나가 전염될 위험은?＂,대화형,미정,미래,불확실,대화형-미정-미래-불확실
치료 시기를 놓치면 증상이 점차 악화할뿐더러 심한 경우 실명으로 이어질 수 있다.,사실형,미정,미래,불확실,사실형-미정-미래-불확실
PC나 스마트폰이 버벅일 때 어떻게 하는가?,대화형,미정,미래,불확실,대화형-미정-미래-불확실
＂환자 입장에서 편의성이나 안전성 등은 어떤가?＂,대화형,미정,현재,불확실,대화형-미정-현재-불확실
한 호남권 과학고 교장은 ＂5~6년 전까지는 입학생 100명 중 10명가량이 매우 뛰어난 실력을 보였다＂며 ＂하지만 최근에는 그 비율이 100명 중 5명 정도로 줄어든 것 같다＂고 전했다.,사실형,미정,미래,불확실,사실형-미정-미래-불확실
정 대표는 ＂세계적으로 사망률이 높은 만성질환인 뇌졸중에 대한 예방제 외에 삶의 질을 높여 주는 치매·알츠하이머 치료제 연구에도 성과를 높이겠다＂고 말했다.,사실형,미정,현재,불확실,사실형-미정-현재-불확실
"현재는 125명의 대표자 학생들이 활동하고 있으며, 300명까지 그 숫자가 점차 늘어날 것이다.",추론형,미정,미래,불확실,추론형-미정-미래-불확실
"이용자는 다른 세계 명마들의 이름과 영혼을 이어받아 꼬리와 귀, 초인적인 주력을 가진 ＇우마무스메＇와 함께 이들을 트레이닝하는 교육 기관 ＇트레센 학원＇의 신인 트레이너의 역할을 맡아 많은 ＇우마무스메＇의 목표인 ＇트윙클 시리즈＇에 활약하기 위해 고군분투하는 이야기를 경험할 수 있다.",사실형,미정,현재,불확실,사실형-미정-현재-불확실
그렇다면 서울·수도권 여러 지역 중 눈여겨볼 만한 곳은 어디일까.,대화형,미정,현재,불확실,대화형-미정-현재-불확실
그렇다면 조선 최고의 명문가는 어딜까.,대화형,미정,현재,불확실,대화형-미정-현재-불확실
유치가 썩어 충치가 되면 신경이 이어진 영구치 씨앗에 전이될 수 있다.,사실형,미정,미래,불확실,사실형-미정-미래-불확실
발표는 설 연휴 전후가 될 수 있다.,추론형,미정,미래,불확실,추론형-미정-미래-불확실
이들 두 ESL 프로 투어 외에도 아마추어 선수 등을 위한 주간 ESL 오픈컵이 진행될 예정이다.,사실형,미정,미래,확실,사실형-미정-미래-확실
"7월에는 인천-바르셀로나 노선, 인천-이스탄불 노선 운항에 나선다.",사실형,미정,미래,확실,사실형-미정-미래-확실
내부에서 중량감 있는 인사를 찾지 못하면 외부 낙하산이 올 수도 있다.,추론형,미정,미래,불확실,추론형-미정-미래-불확실
"건강의 핵심 키워드가 심장에서 뇌로 옮겨오고, 인간 의식의 기전을 밝히려는 뇌과학이 인류과학의 정점으로 주목받는 때이다.",사실형,미정,현재,확실,사실형-미정-현재-확실
＂산모나 신생아 치료는?＂,대화형,미정,현재,불확실,대화형-미정-현재-불확실
"올해는 동승 가능 지역과 시간 확장 외에도, 축적되는 데이터를 분석해 승객에게 최적화된 맞춤형 탑승 형태를 추천하는 기술을 고도화할 예정이다.",사실형,미정,미래,확실,사실형-미정-미래-확실
지난 12월 스팀에 얼리 엑세스 출시된 이후 스팀이 선정한 ＇2019 최고 출시작＇으로 선정된 바 있으며 올해 1분기 내에 정식 출시할 예정이다.,사실형,미정,미래,확실,사실형-미정-미래-확실
＂5G와 인공지능의 진화가 가져올 미래는 어떤 모습일까.＂,대화형,미정,미래,불확실,대화형-미정-미래-불확실
이상문학상의 올해 작품집이 무사히 출간될지는 미지수다.,추론형,미정,미래,불확실,추론형-미정-미래-불확실
까마득 잊고 살았던 걸까.,대화형,미정,과거,불확실,대화형-미정-과거-불확실
＇양식장＇에서 스시집에서 사용할 물고기를 기를 수 있고 미션 수행 실패 시 잃은 물고기를 어느 정도 회복할 수 있다.,사실형,미정,미래,불확실,사실형-미정-미래-불확실
"LCH 개발사업은 해외 도입 기체들뿐인 국내 민관 헬기를 대체 목적의 소형 민수헬기를 개발사업으로, LAH와 같은 플랫폼을 기반으로 승객 운송, 탐색구조, 응급의료, 치안유지, 화재진압 등에 운용할 수 있는 다목적 기체로 개발 중이며, 2018년 초도비행을 거쳐 2021년 개발 완료 예정이다.",사실형,미정,미래,확실,사실형-미정-미래-확실
대검의 청구에 따라 법무부가 감찰위원회와 징계위원회를 거쳐 최종 징계 수위를 결정하게 된다.,사실형,미정,미래,확실,사실형-미정-미래-확실
현재 제품 사진을 등록하면 템플릿이 매칭되도록 하는 인공지능 자동 추천 솔루션 개발 중이다.,사실형,미정,현재,확실,사실형-미정-현재-확실
＂새로 개발된 코로나19 검사법은?＂,대화형,미정,현재,불확실,대화형-미정-현재-불확실
"＇휴식＇, ＇외출＇, ＇양호실＇을 선택하거나 육성 과정에서 적성의 ＇스킬＇을 획득할 수도 있다.",사실형,미정,미래,불확실,사실형-미정-미래-불확실
이 세균이 충치나 잇몸 염증을 유발해 치주질환을 일으킬 수도 있다.,추론형,미정,미래,불확실,추론형-미정-미래-불확실
"거품 붕괴를 촉발하는 것은 중국 우한의 바이러스일 수도 있고, 재집권을 노리는 도널드 트럼프 미국 대통령의 변덕일 수도 있다.",추론형,미정,현재,불확실,추론형-미정-현재-불확실
"즉, 3% 정도 지지를 받은 정당은 득표만큼 의석을 가져가지 못하는 반면, 오히려 지지율이 미미한 정당이 의석을 가져가는 현상이 발생할 수 있다.",추론형,미정,미래,불확실,추론형-미정-미래-불확실
＂코로나19로 확진된 영아도 마스크를 착용해야 하나?＂,대화형,미정,현재,불확실,대화형-미정-현재-불확실
해외서는 한국 게임에 대한 규제 명분으로 활용할 수 있다.,추론형,미정,미래,불확실,추론형-미정-미래-불확실
"해탈이 뭐라고, 그 순간을 경험하겠다며 평생을 수행하는 사람들도 수두룩한 세상에 6시간 걸으며 그 희열과 공허함을 느낄 수 있다면, 일생에 그보다 더 좋은 선물이 또 있을까 싶다.",추론형,미정,미래,불확실,추론형-미정-미래-불확실
경찰은 목격자 등을 상대로 사고 경위를 조사 중이다.,사실형,미정,현재,확실,사실형-미정-현재-확실
"참고로 미국의 차세대 군용 헬기 개발은 각 체급별 플랫폼을 기반으로 공격, 정찰, 수송, 의무후송, 소해, 탐색구조 등 단일 플랫폼으로 모든 임무가 가능한 기종으로 개발 계획을 진행 중이다.",사실형,미정,현재,확실,사실형-미정-현재-확실
＂호남과 강서에 한재가 들었으니 상을 마련해 곡식을 저장하고 있는 집들에 권유하도록 하십시오.＂,대화형,미정,미래,확실,대화형-미정-미래-확실
게임의 스토리를 진행할수록 각 캐릭터에게 영감을 준 실존 경주마의 특성과 성격을 잘 고증하는 세계관도 확인할 수 있다.,사실형,미정,미래,불확실,사실형-미정-미래-불확실
이를 위해 공군은 2022년까지 기존 C-130의 성능개량과 함께 장거리 공수능력 확보를 위해 보잉 C-17과 에어버스 A400M 같은 대형 기종을 도입할 예정이다.,사실형,미정,미래,확실,사실형-미정-미래-확실
"해상에서 펼쳐지는 함선간의 전투를 그린 모바일 어드벤처 RPG ＇가디언 프로젝트＇와 일본 유명 게임을 소재로 제작된 여성향 게임 ＇검, 시간을 긋다＇, 방치형 모바일 RPG ＇방치학개론＇을 상반기에 출시한다는 계획이다.",사실형,미정,현재,확실,사실형-미정-현재-확실
＂대사이자 경험이 많은 멘토로 말씀을 드리자면 실패 없는 창조와 혁신은 없다는 것입니다.＂,추론형,미정,미래,불확실,추론형-미정-미래-불확실
알고리즘 스테이블 코인의 특성상 가격 고정이 무너졌다가 다시 복구하는 흐름은 언제든 생겨날 수 있다.,추론형,미정,미래,불확실,추론형-미정-미래-불확실
FORT는 총 10억개가 공급되며 보유자는 재단의 거버넌스 투표에 참여할 수 있다.,사실형,미정,미래,불확실,사실형-미정-미래-불확실
＂임신부가 감염되면 임신 경과에 어떤 영향을 미치나?＂,대화형,미정,미래,불확실,대화형-미정-미래-불확실
그렇다면 국회의원은 지역구의 민원 창구라는 말일까?,대화형,미정,현재,불확실,대화형-미정-현재-불확실
투자가 성사됐더라면 올해 토론토 블루제이스로 이적한 류현진 선수가 LA 다저스에 잔류해 프랜차이즈 스타로 자리매김했을지도 모른다.,추론형,미정,미래,불확실,추론형-미정-미래-불확실
최근 노동정책과 판결의 빠른 변화로 기업 입장에서는 슬기롭게 대처할 수 있는 방안을 고민 중이다.,사실형,미정,현재,확실,사실형-미정-현재-확실
그렇다면 차천로는 과연 어떤 비석을 두고 이런 말을 했던 걸까.,대화형,미정,과거,확실,대화형-미정-과거-확실
＂향후 국내 보급 계획은?＂,대화형,미정,현재,불확실,대화형-미정-현재-불확실
"게임사는 오픈 마켓 형태의 전용 플랫폼인 ＇게임더하기 플랫폼＇에서 컨설팅, 마케팅, 더빙, 번역, 테스트 서비스, 인프라 등 필요한 해외진출 지원 서비스를 직접 검색 및 조회해 사용할 수 있다.",사실형,미정,미래,확실,사실형-미정-미래-확실
4일 밤 북쪽 밤하늘에서 무수한 유성우와 조우할 수 있을까.,대화형,미정,미래,확실,대화형-미정-미래-확실
"＂네트워크를 업그레이드할 때마다, 새 시즌이 될 때마다 고객에게도 또 다른 서비스를 드려야 하지 않을까요?＂",대화형,미정,미래,불확실,대화형-미정-미래-불확실
독일 출신 베네딕토 16세와 아르헨티나 출신 프란치스코 교황 사이엔 어떤 일이 있었을까.,대화형,미정,과거,불확실,대화형-미정-과거-불확실
＂혈액방사선조사기란 무엇인가?＂,대화형,미정,현재,불확실,대화형-미정-현재-불확실
가뜩이나 줄어든 게임산업에 대한 투자도 더 줄어들 수 있다.,추론형,미정,미래,불확실,추론형-미정-미래-불확실
＂＇디지털 미디어렙＇을 넘어 ＇넘버원 디지털 마케팅 플랫폼 기업＇으로 도약할 것이다.＂,사실형,미정,미래,불확실,사실형-미정-미래-불확실
"병원에 전달된 후원금은 방호복, 마스크, 손세정제 등의 부족으로 어려움을 겪고 있는 현장 의료진들의 방역 물품을 지원하는 데 우선적으로 쓰이며 환자 치료를 위한 의료 기기 구비 및 확산 방지를 위해 노력하는 의료진 활동 등에 사용될 예정이다.",사실형,미정,미래,불확실,사실형-미정-미래-불확실
그 아름다운 풍광이 눈앞에 있는데 어찌 속세를 잊고 수행에 정진할 수 있을까 싶다.,추론형,미정,현재,불확실,추론형-미정-현재-불확실
과연 공주와 단종의 유복자는 관노의 삶을 살았을까.,대화형,미정,과거,불확실,대화형-미정-과거-불확실
항암치료 중 면역력을 높여 암세포를 사멸하도록 돕는 한의학 면역치료를 병행하면 암의 전이와 재발 확률을 낮출 수 있다.,추론형,미정,미래,불확실,추론형-미정-미래-불확실
다른 쪽에 전시된 친환경 데이터센터 솔루션 부스에선 단순히 냉각수를 활용해왔던 기존 시스템보다 50% 에너지 절감 효과를 볼 수 있다고 했다.,사실형,미정,현재,불확실,사실형-미정-현재-불확실
국가의 미래가 좌우될 만큼 중요한 자리에 자신이 나서서 일하겠다고 나선 사람들은 누구일까.,대화형,미정,현재,불확실,대화형-미정-현재-불확실
토론토 블루제이스 1선발로 2020년 메이저리그를 시작하는 류현진의 올해 성적표는 어떨까.,대화형,미정,미래,불확실,대화형-미정-미래-불확실
그런데 과연 푸드테크협의회에서 대기업과 스타트업 간 협력이 가능할까.,대화형,미정,미래,불확실,대화형-미정-미래-불확실
그렇다면 조선군은 형편없는 겁쟁이였을까?,대화형,미정,과거,불확실,대화형-미정-과거-불확실
전투 중 한 명을 뒤로 보내 적의 후방을 교란하거나 갑작스러운 전체 돌진으로 전세를 역전할 수 있다.,사실형,미정,미래,확실,사실형-미정-미래-확실
바이러스는 어디로 튈지 모른다.,추론형,미정,현재,확실,추론형-미정-현재-확실
"검사징계법 24조에 따르면 징계 사유와 관련해 공소가 제기된 경우 사건이 완결될 때까지 징계 심의가 정지되지만, 징계 사유에 대한 명백한 증명자료가 있는 경우 징계심의를 진행할 수 있다.",사실형,미정,미래,확실,사실형-미정-미래-확실
여기에 한정된 코스트 내에서 별도 능력 ＇렙톤＇을 착용해 전략을 고도화할 수 있다.,사실형,미정,현재,불확실,사실형-미정-현재-불확실
한일 관광산업이 직면한 문제의 해법을 한일 협력에서 찾아보는 것은 어떨까.,대화형,미정,미래,불확실,대화형-미정-미래-불확실
＇국보 1호＇ 숭례문 현판은 과연 누가 썼을까?,대화형,미정,과거,불확실,대화형-미정-과거-불확실
"애써 오를 만한 산은 아니지만, 일생에 한 번은 가봐야 할 수행의 산길이라 할 수 있다.",사실형,미정,현재,불확실,사실형-미정-현재-불확실
칠판에 적기 전에 수첩으로 먼저 확인또한 대표자 학생 중에 몇몇은 곧 수첩을 하나씩 지급받을 예정이다.,사실형,미정,미래,확실,사실형-미정-미래-확실
특히 논란이 큰 것은 어떤 경우를 ＇대폭적인 업무 증가＇로 볼 수 있는지다.,사실형,미정,현재,확실,사실형-미정-현재-확실
이날 경북 내륙지방을 중심으로 낮 기온이 오르면서 후텁지근한 날씨가 이어지겠다.,사실형,미정,미래,불확실,사실형-미정-미래-불확실
남자와 여자는 친구가 될 수 있을까?,대화형,미정,미래,불확실,대화형-미정-미래-불확실
"공군의 태평양 횡단 직항 비행은 처음으로, 이번 방미 비행을 통해 조종사들은 장거리 항법훈련을 경험할 수 있어 좋으며, 미 공군 기지 무료 사용과 워싱턴을 가기 위해 대한항공 인천~워싱턴 덜레스 항공편을 왕복 이용하는 비용보다 경제적으로 예산절감효과도 기대된다.",추론형,미정,현재,확실,추론형-미정-현재-확실
＂기존에 설치된 제품과의 차이점은?＂,대화형,미정,현재,불확실,대화형-미정-현재-불확실
그러면 그중에서 가장 효험이 좋았던 온천은 어디일까.,대화형,미정,과거,불확실,대화형-미정-과거-불확실
유독 사망자가 중국에서만 나오는 이유가 뭘까?,대화형,미정,현재,불확실,대화형-미정-현재-불확실
"우연이었을 수도 있겠지만, 모국 작품의 역사상 오스카 첫 수상 이후 멘트를 구하는 기자와 그해 아카데미에서 최다 수상작이 나온 나라의 기자를 대하는 태도가 달라졌는지도 모른다.",추론형,미정,과거,불확실,추론형-미정-과거-불확실
e스포츠적인 측면을 강화해 리그에 참여하지 않는 이용자들도 함께 즐길 수 있는 구조를 만든다는 계획이다.,사실형,미정,현재,확실,사실형-미정-현재-확실
이 기술이 구현되면 배드민턴을 배우는 사람들이 제대로 셔틀콕을 쳤는지 스스로 점검이 가능한 시스템이 만들어진다.,사실형,미정,미래,불확실,사실형-미정-미래-불확실
문제는 ＇영재를 범재로 만들기＇ 교육의 폐해가 저출산으로 더욱 심화될 수 있다는 것이다.,추론형,미정,미래,불확실,추론형-미정-미래-불확실
"기준금리 격차가 거의 없거나 미국의 기준금리가 더 높은 상태로 역전하는 상황이 발생할 경우, 외국인 투자자의 자금 유출과 함께 원화 가치가 더 하락할 수 있다.",추론형,미정,미래,불확실,추론형-미정-미래-불확실
"제주항공은 지난 5월부터 인천~괌 노선 운항횟수를 주 2회에서 주 4회로 늘렸고, 오는 6월24일부터는 부산~싱가포르 노선 운항을 재개한다.",사실형,미정,미래,확실,사실형-미정-미래-확실
"기능성 뿐 아니라 심미성도 고루 갖추고 있는 디자인 패널이라는 평가 속에 기존 건축외장재와는 달리 기술 특허와 디자인 특허를 출원한 상황이며, 현재 국제 특허 출원도 준비 중이다.",사실형,미정,현재,확실,사실형-미정-현재-확실
"또한, KC-330은 오는 14일 개최되는 한미 안보협의회의 참석하는 우리 대표단을 태우고 태평양을 건너갈 예정이다.",사실형,미정,미래,불확실,사실형-미정-미래-불확실
"과연 지금 한국의 기업, 사회, 국가는 어느 쪽에 가까울까?",대화형,미정,현재,불확실,대화형-미정-현재-불확실
"＇시베리아 역병＇의 사례처럼 우리가 이미 알고 있던 감염병, 혹은 신종 감염병이 동물을 매개로, 혹은 직접 접촉을 통해 전 세계로 확산할 수 있습니다.",대화형,미정,미래,불확실,대화형-미정-미래-불확실
팬덤이 계속 유지가 될 수 있도록 단순한 등기 권리증 역할을 넘어 NFT 소유자들을 위한 혜택을 만들어가는 것도 중요하다.,추론형,미정,미래,불확실,추론형-미정-미래-불확실
새로운 ＇ESL 프로 투어 스타크래프트2＇는 기존 ＇스타크래프트2 월드 챔피언십 시리즈＇를 계승해 네 개 이상의 대륙에서 펼쳐질 예정이다.,사실형,미정,미래,확실,사실형-미정-미래-확실
"부트캠프에서는 게임 개발, 디자인, 비즈니스 개발, 유저 확보 및 수익화, 게임 테스팅 워크샵, 리더십 트레이닝 등 다양한 세션이 진행될 예정이다.",사실형,미정,미래,불확실,사실형-미정-미래-불확실
그곳에도 골목은 있을까?,대화형,미정,현재,불확실,대화형-미정-현재-불확실
＇기생충＇은 각본상 외에도 오스카 5개 부문에 후보로 이름을 올렸으며 현재 시상식이 진행 중이다.,사실형,미정,현재,확실,사실형-미정-현재-확실
특히 장인 랭킹을 통해 다른 이들이 만들 수 없는 아이템을 제작하거나 해당 서버에서만 가능한 아이템 제작을 맡을 수도 있다.,사실형,미정,미래,불확실,사실형-미정-미래-불확실
"KF-X의 운용 주체인 공군은 10월 1일부터 오는 30일까지 ＇한국형 전투기 KF-X 명칭 공모전＇을 통해 공모된 작품 중에 명칭의 상징성, 호칭 용이성, 의미부여 등을 고려하여 심사해 공식 명칭으로 사용할 계획이다.",사실형,미정,미래,확실,사실형-미정-미래-확실
반도체 업체 넥스트칩이 내달 1일 코스닥 상장을 위해 16일부터 이틀 간 기관투자자 대상 수요예측을 진행한다.,사실형,미정,미래,확실,사실형-미정-미래-확실
핵무기로 세상을 위협하는 북한이 가장 두려워하는 것이 뭘까?,대화형,미정,현재,불확실,대화형-미정-현재-불확실
공짜로 돈을 나눠주겠다는 데 반대할 도민이 과연 있을까.,대화형,미정,현재,불확실,대화형-미정-현재-불확실
"전투기에 장착되는 다양한 유도무기 중에 아군의 피해 없이 원거리에서 지상에 있는 적의 전략 목표물을 타격하는 유도무기인 장거리 공대지유도탄은 F-15K의 경우 1발에 20억 원이 넘는 독일 타우러스 시스템즈의 KEPD 350을 200여 발을 국외 도입하였으나, KF-21은 블럭1과 블럭2 기체 모두 양산 일정과 전력화 시기 등을 전반적으로 고려하여 국방과학연구소를 중심으로 국내방산업체가 개발중인 한국형 장거리공대지유도탄이 탑재될 예정이다.",사실형,미정,미래,확실,사실형-미정-미래-확실
"5월에는 인천-프랑크푸르트 노선을 5월28일부터 주 4회에서 주 5회로 증편하고, 인천-런던 노선 역시 5월30일부터 주 2회에서 주 3회로 증편한다.",사실형,미정,미래,확실,사실형-미정-미래-확실
"세계 드래곤은 말레이시아, 싱가포르, 인도네시아, 필리핀 및 태국을 포함한 5 개국에서 동시에 출시 될 것이며, 또한 자메이카를 통해 대만 지역 출시를 준비하고 있다.",사실형,미정,현재,확실,사실형-미정-현재-확실
"에어버스 헬리콥터의 H155B1 플랫폼을 기반으로, LAH는 최신 공격 방지 장비와 무장 촬영 제어 장비를 갖추고, 조종사의 편리함과 생존을 향상시킬 것이며, 통합 작전을 위해 최적화 될 것이며, 2022 년까지 개발을 완료 할 것이다.",사실형,미정,미래,확실,사실형-미정-미래-확실
확인된 임산부가 코로나 바이러스를 태아 또는 신생아에게 전달할 수 있나요?,대화형,미정,미래,불확실,대화형-미정-미래-불확실
Corona 19와 관련된 기사를 쓰지 못할 날이 언제 올까요?,대화형,미정,미래,불확실,대화형-미정-미래-불확실
"모집 기간은 다음 달 5일까지 진행되며, 인터뷰와 제출 설명은 다음 달 10일 서울에서 진행될 예정이다.",사실형,미정,미래,불확실,사실형-미정-미래-불확실
또한 빙하 또는 이스트 랜드에서 녹은 물이 토양을 오염 시키거나 강과 호수와 같은 수원으로 흐를 가능성이 있다.,대화형,미정,미래,불확실,대화형-미정-미래-불확실
"태풍 번호 9 ""미샤크""는 앞으로 2 ~ 3 일 동안 강한 바람과 함께 400mm 이상의 물 폭탄이있는 일부 지역에 영향을 미칠 것으로 예상된다.",예측형,미정,미래,불확실,예측형-미정-미래-불확실
경찰은 미국의 공개 이후 김정은이 주류 당국자들을 동원하고 미국을 압박했다는 의혹을 조사하고 있다.,사실형,미정,현재,확실,사실형-미정-현재-확실
빠른 음식의 시장에 무슨 일이 일어날 것인가?,대화형,미정,미래,불확실,대화형-미정-미래-불확실
"""우리는 국왕 광장과 국왕 광장 역에서 비즈니스 마을을 만들기 위해 지방 경찰서와 지방 경찰서를 옮길 계획입니다.""",대화형,미정,미래,불확실,대화형-미정-미래-불확실
이제 관심은 '파라시트'가 북미의 영화 산업 중심부에서 비영어 작품을위한 최고의 연기 기록이 될 것이라는 것이다.,사실형,미정,미래,확실,사실형-미정-미래-확실
또한 외부 컨설턴트로부터 조언을 제공할 것이다.,사실형,미정,미래,확실,사실형-미정-미래-확실
그러나 최근에는 표적 치료의 출현이 전염된 유방암 치료의 효율성을 크게 향상시켰으며 5년 이상의 장기 생존이 예상된다.,사실형,미정,현재,불확실,사실형-미정-현재-불확실
"용감한 사람, 용감한 영웅?",대화형,미정,현재,불확실,대화형-미정-현재-불확실
마이크로소프트는 또한 게임의 글로벌 출시와 동시에 Xbox GamePass를 제공 할 것이다.,사실형,미정,미래,확실,사실형-미정-미래-확실
어린이 1백만 원을 나누는 데 비용이 얼마나 들까요?,대화형,미정,미래,불확실,대화형-미정-미래-불확실
"다음날 아침 18일, 최대 온도는 19-23도, 최대 온도는 26-32도로 예상된다.",예측형,미정,미래,불확실,예측형-미정-미래-불확실
"영웅은 2주 연속으로 배제되지 않으며, 팬과 플레이어의 의견을 적극적으로 감소함으로써 시즌 중 영웅 회전을 수정할 수 있다.",추론형,미정,미래,확실,추론형-미정-미래-확실
"우리는 KUH-1 헬리콥터와 LAH 소형 무장 헬리콥터 기술 파트너십을 통해 공군의 대형 운송 항공기의 도입과 소형 및 중형 운송 항공기의 국내 개발을 기대하며, 이는 에어버스와 우리나라의 항공 우주 방위 산업 기업과의 상호 경제적 전략적 파트너십을 이끌 것이다.",추론형,미정,미래,불확실,추론형-미정-미래-불확실
예상 강수량은 5 ~ 40 mm이며 남서부 해안과 남서부의 내부와 외부에 5 mm의 비가 내릴 것이다.,예측형,미정,미래,불확실,예측형-미정-미래-불확실
중국의 주요 도시의 지표를 5개로 늘릴 계획이다.,사실형,미정,미래,불확실,사실형-미정-미래-불확실
정부의 조치가 얼마나 효과적인지는 아직 명확하지 않다.,사실형,미정,미래,불확실,사실형-미정-미래-불확실
암 수술 또는 암 치료 또는 방사선 요법을 약한 면역 상태에서받는 경우 면역력을 회복하는 데 어려움을 겪을 수 있다.,추론형,미정,현재,불확실,추론형-미정-현재-불확실
"글로벌 진보의 일환으로, 싱가포르의 의료 그룹인 JYSK 그룹과 글로벌 진보를 위한 비즈니스 계약이 체결되며, 싱가포르의 비만 클리닉 1을 포함한 ASEAN 국가에 100개가 넘는 클리닉이 개설될 예정이다.",사실형,미정,미래,확실,사실형-미정-미래-확실
3년 만에 다보스를 설립한 Justice Line Modern Cars의 CEO는 기술 혁신과 비용 절감을 통해 수소 사회를 발전시키는 계획을 고려하고 있다.,사실형,미정,현재,확실,사실형-미정-현재-확실
큐레이터가 작품과 지인들의 소유권을 조정하지 못했나요?,대화형,미정,현재,불확실,대화형-미정-현재-불확실
"""다시 사용 된 아기 옷과 침구를 재사용 할 수 있습니까?""",대화형,미정,미래,불확실,대화형-미정-미래-불확실
이제 AI가 바리스타와 게이머가 되면서 모든 곳에서 사람들을 밀어내면 ‘인류’는 어디에 있나요?,대화형,미정,현재,불확실,대화형-미정-현재-불확실
확인된 어머니와 신생아가 같은 방에 있을 수 있나요?,대화형,미정,미래,불확실,대화형-미정-미래-불확실
"""코로나 전염병이 끝난 정원에서, 왜 여기에 와서 마스크 마케팅을해야하는지 궁금해 할 수 있습니다.""",추론형,미정,현재,불확실,추론형-미정-현재-불확실
불안과 위험한 환경이 인간의 두뇌가 편리함과 안전을 선택하게 할 때 미래 사회는 어떻게 보일까요?,대화형,미정,미래,불확실,대화형-미정-미래-불확실
"첫 시즌에는 20,000 달러 이상을 지원할 것이다.",사실형,미정,미래,확실,사실형-미정-미래-확실
그것은 또한 지난 12 일간의 협상에서 한 번 붕괴를 일으키는 요인이 될 수 있으며 일반적인 파업과 비슷한 노동 투쟁의 원인이 될 수 있다.,추론형,미정,미래,불확실,추론형-미정-미래-불확실
아파트는 왜 망가졌을까?,대화형,미정,현재,불확실,대화형-미정-현재-불확실
그 이유는 무엇인가.,대화형,미정,현재,불확실,대화형-미정-현재-불확실
"만약 미국이 이자율을 0.75% 포인트 상승한다면, 미국의 기본 이자율 상위는 1.75%가 될 것이며 한국의 기본 이자율과 동일할 것이다.",사실형,미정,미래,불확실,사실형-미정-미래-불확실
동물영화는 왜 그렇게 인기가 있는 것일까?,대화형,미정,현재,불확실,대화형-미정-현재-불확실
"그것은 주요 운전 도전으로 민간 비즈니스 부문에서 승용차의 탈출을 촉진하고, 시민과 함께 ""사고차에 대한 공격 없음""운동의 발전뿐만 아니라 승용차의 감소를위한 기관 선택의 정책을 촉진 할 계획이다.",사실형,미정,현재,확실,사실형-미정-현재-확실
"둘째, 콘택트 렌즈를 너무 오랫동안 착용하면 눈에 손상을 줄 수 있다.",사실형,미정,미래,불확실,사실형-미정-미래-불확실
그러나 현실은 어떻나요?,대화형,미정,현재,불확실,대화형-미정-현재-불확실
“코로나 바이러스 감염 위험이 있습니까?”,대화형,미정,미래,불확실,대화형-미정-미래-불확실
코로나가 조직함에 따라 자동차의 유지 보수 및 검사 방법도 바뀔 것으로 예상된다.,예측형,미정,현재,확실,예측형-미정-현재-확실
치료 시간을 놓치면 증상이 점차 악화 될 수 있으며 심한 경우에는 장님으로 이어질 수 있다.,사실형,미정,미래,불확실,사실형-미정-미래-불확실
"그는 “5~6년 전까지 100명 중 10명은 훌륭한 기술을 보여주었지만, 최근에는 100명 중 5명으로 떨어진 것으로 보인다”고 말했다.",사실형,미정,미래,불확실,사실형-미정-미래-불확실
"그는 “전통적인 뇌졸중에 대한 예방 조치 외에도 전 세계적으로 높은 사망률이 있으며, 삶의 질을 향상시키는 치매와 알츠하이머 치료도 그 결과를 향상시킬 것”이라고 말했다.",사실형,미정,현재,불확실,사실형-미정-현재-불확실
현재 125명의 대표 학생들이 활동하고 있으며 그 숫자는 점차 300명으로 늘어날 예정이다.,추론형,미정,미래,불확실,추론형-미정-미래-불확실
서울의 여러 지역에서 어디를 방문해야합니까?,대화형,미정,현재,불확실,대화형-미정-현재-불확실
가장 좋은 목록은 어디에 있나요?,대화형,미정,현재,불확실,대화형-미정-현재-불확실
"씨앗이 썩을 때, 신경은 영구적 인 씨앗으로 전송 될 수 있다.",사실형,미정,미래,불확실,사실형-미정-미래-불확실
발표는 축제 후일지도 모른다.,추론형,미정,미래,불확실,추론형-미정-미래-불확실
"7 월, 우리는 버밍엄 - 바르셀로나 경로와 버밍엄 - 이스탄불 경로를 시작할 것이다.",사실형,미정,미래,확실,사실형-미정-미래-확실
"당신이 내부에서 무거운 인사를 찾을 수 없다면, 외부 낙하산이 올 수 있다.",추론형,미정,미래,불확실,추론형-미정-미래-불확실
올해는 비행 영역과 시간을 확장하는 것 외에도 축적된 데이터를 분석하고 기술을 발전시켜 승객에게 최적화된 맞춤형 비행 양식을 권장할 것이다.,사실형,미정,미래,확실,사실형-미정-미래-확실
"지난 12 월에 Steam에 Ally Access를 출시 한 이후 Steam은 그것을 ""2019 년 최고의 릴리스""로 선정했으며 올해 1 분기에 공식적으로 출시 될 것이다.",사실형,미정,미래,확실,사실형-미정-미래-확실
5G 및 인공 지능의 미래는 무엇을 가져올 것인가?,대화형,미정,미래,불확실,대화형-미정-미래-불확실
올해의 수업은 안전하게 진행될 예정이다.,추론형,미정,미래,불확실,추론형-미정-미래-불확실
어쩌면 살아가는 것을 잊어버렸을지도 모른다.,대화형,미정,과거,불확실,대화형-미정-과거-불확실
"당신은 '낚시 가게'에서 수시 집에서 사용 된 물고기를 키울 수 있으며, 임무 실패로 잃어버린 물고기를 어느 정도 회복 할 수 있다.",사실형,미정,미래,불확실,사실형-미정-미래-불확실
"LCH 개발 프로젝트는 국내 민간 헬리콥터를 대체하기위한 소형 광산 헬리콥터 개발 프로젝트이며, LAH와 같은 플랫폼을 기반으로 승객 운송, 항해, 응급 의료, 안전, 화재 압력 등을 작동 할 수있는 다기능 헬리콥터로 개발되고 있으며, 2021 년에 완료 될 것이다.",사실형,미정,미래,확실,사실형-미정-미래-확실
새로운 코로나 19 테스트는 무엇입니까?,대화형,미정,현재,불확실,대화형-미정-현재-불확실
"당신은 “휴식”, “출발”, “치료 룸”을 선택하거나 양육 과정에서 피트니스의 “능력”을 습득 할 수 있다.",사실형,미정,미래,불확실,사실형-미정-미래-불확실
Corona19 인증 아동 마스크를 착용해야합니까?,대화형,미정,현재,불확실,대화형-미정-현재-불확실
해외는 한국 게임에 대한 규제 항목으로 사용할 수 있다.,추론형,미정,미래,불확실,추론형-미정-미래-불확실
"당신이 게임의 이야기를 진행할수록, 당신은 각 캐릭터를 영감을 가진 기존 레이싱 말의 특성과 특성을 보여주는 세계관을 볼 수 있다.",사실형,미정,미래,불확실,사실형-미정-미래-불확실
알고리즘 stablecoin의 특징적인 가격 고정이 붕괴하고 회복 흐름이 언제든지 발생할 수 있다.,추론형,미정,미래,불확실,추론형-미정-미래-불확실
총 1 억 FORT가 제공되며 소지자는 재단의 지배 투표에 참여할 수 있다.,사실형,미정,미래,불확실,사실형-미정-미래-불확실
"""임산부가 감염되면 임신 과정에 어떤 영향을 미치나요?",대화형,미정,미래,불확실,대화형-미정-미래-불확실
그렇다면 국회 의원은 국회 의원일까?,대화형,미정,현재,불확실,대화형-미정-현재-불확실
만약 투자가 올해 발표되었더라면 올해 토론토 블루스에 갔던 루오  징 선수는 로스 앤젤레스 다셔스에 머물러 프랜차이즈 스타로 자리 잡았을지도 모른다.,추론형,미정,미래,불확실,추론형-미정-미래-불확실
"최근 노동 정책과 판단의 변화와 함께, 우리는 회사의 위치에서 현명하게 그들을 다루는 방법을 생각하고 있다.",사실형,미정,현재,확실,사실형-미정-현재-확실
그때 나는 그가 무슨 똥을 말하고 있는지 궁금했다.,대화형,미정,과거,확실,대화형-미정-과거-확실
미래의 국가 지원 계획은 무엇입니까?,대화형,미정,현재,불확실,대화형-미정-현재-불확실
"게임 회사는 컨설팅, 마케팅, 더블링, 번역, 테스트 서비스, 인프라 및 기타 서비스와 같은 필요한 해외 출국 지원 서비스를 직접 검색하고 공개 시장 형태로 전용 플랫폼 ""게임 더 플랫폼""을 검색할 수 있다.",사실형,미정,미래,확실,사실형-미정-미래-확실
북쪽 하늘에서 4일 밤을 보낼 수 있을까?,대화형,미정,미래,확실,대화형-미정-미래-확실
“내가 내 네트워크를 업그레이드할 때마다 고객에게 새로운 서비스를 제공해야 하지 않겠습니까?”,대화형,미정,미래,불확실,대화형-미정-미래-불확실
독일의 베네딕토 16세와 아르헨티나의 프란치스코 교황 사이에 무슨 일이 일어났나요?,대화형,미정,과거,불확실,대화형-미정-과거-불확실
혈액 방사선 검사는 무엇입니까?,대화형,미정,현재,불확실,대화형-미정-현재-불확실
또한 게임 산업에 대한 투자가 더 적게 줄어들 수 있다.,추론형,미정,미래,불확실,추론형-미정-미래-불확실
“우리는 ‘디지털 미디어 리브’를 넘어 ‘노버랜드 디지털 마케팅 플랫폼 기업’이 될 것이다.,사실형,미정,미래,불확실,사실형-미정-미래-불확실
"그 아름다운 풍경이 내 앞에 있고, 어떻게 과거를 잊고 집행을 준비할 수 있을까.",추론형,미정,현재,불확실,추론형-미정-현재-불확실
면역력을 높이고 암 세포를 죽이는 데 도움이되는 의료 면역 요법과 암 치료를 결합하면 암 전염과 재발의 가능성을 줄일 수 있다.,추론형,미정,미래,불확실,추론형-미정-미래-불확실
자신의 나라의 미래를 위해 일하고 싶은 사람들은 누구입니까?,대화형,미정,현재,불확실,대화형-미정-현재-불확실
그는 끔찍한 겁쟁이였나요?,대화형,미정,과거,불확실,대화형-미정-과거-불확실
"제24조 조항에 의하면, 징계사와 관련하여 불만을 제기하는 경우, 징계사 판결은 사건이 완료될 때까지 중단되며, 징계사에 대한 명확한 증거가 있는 경우에는 징계사 판결을 진행할 수 있다.",사실형,미정,미래,확실,사실형-미정-미래-확실
누가 첫 번째 에디션을 썼나요?,대화형,미정,과거,불확실,대화형-미정-과거-불확실
"특히 논란이 되는 것은 일부 사례가 ""직업의 극단적 인 증가""로 간주 될 수 있는지 여부이다.",사실형,미정,현재,확실,사실형-미정-현재-확실
이 날에는 해안의 중간에 날씨가 상승 할 것이며 날씨는 계속 상승 할 것이다.,사실형,미정,미래,불확실,사실형-미정-미래-불확실
남자와 여자가 친구가 될 수 있나요?,대화형,미정,미래,불확실,대화형-미정-미래-불확실
처음으로 공군의 교차 태평양 직항 비행은 조종사가 장거리 항해 훈련을 경험할 수있게하며 미국 공군 기지의 무료 사용 비용과 워싱턴 DC와 워싱턴 DC 사이의 항공편을 사용하여 워싱턴 DC로 이동하는 비용을 줄일 것으로 예상된다.,추론형,미정,현재,확실,추론형-미정-현재-확실
“현재 설치된 제품의 차이점은 무엇입니까?”,대화형,미정,현재,불확실,대화형-미정-현재-불확실
이들 중 어느 것이 가장 효과적입니까?,대화형,미정,과거,불확실,대화형-미정-과거-불확실
왜 독성 사망자는 중국에서만 발생하는가?,대화형,미정,현재,불확실,대화형-미정-현재-불확실
"그것은 우연이었을지도 모르지만, 그들의 고향 작품의 역사상 최초의 오스카 수상 이후 멘토를 찾는 저널리스트에 대한 태도는 올해 아카데미에서 가장 많이 수상한 나라에서 바뀌었을지도 모른다.",추론형,미정,과거,불확실,추론형-미정-과거-불확실
리그에 참여하지 않는 사용자가 함께 즐길 수있는 구조를 만들기 위해 eSports 측면을 강화할 계획이다.,사실형,미정,현재,확실,사실형-미정-현재-확실
이 기술이 구현되면 배드민턴을 배우는 사람들이 셔틀을 올바르게 타는지 스스로 확인할 수있는 시스템이 만들어집니다.,사실형,미정,미래,불확실,사실형-미정-미래-불확실
문제는 ‘범죄에 무력화’라는 교육의 폐지가 낮은 출산에 의해 더욱 악화될 수 있다는 것이다.,추론형,미정,미래,불확실,추론형-미정-미래-불확실
기초 수익률 격차가 작거나 미국 기초 수익률이 더 높은 상태로 회전되는 상황이 있다면 외국 투자자의 자금 유출로 원유 통화의 가치가 더 떨어질 수 있다.,추론형,미정,미래,불확실,추론형-미정-미래-불확실
"JSC 에어워즈는 지난 5월부터 주당 2회에서 주당 4회로 지난에서 구암으로 가는 항공편을 늘렸으며, 6월 24일부터 부산-싱가포르 항공편을 재개할 예정이다.",사실형,미정,미래,확실,사실형-미정-미래-확실
기능뿐만 아니라 시메트로 장착 된 디자인 패널뿐만 아니라 평가에 따르면 기존 건축 외부 재료와 달리 기술 특허 및 디자인 특허가 신청 된 상황이며 현재 국제 특허 신청도 준비 중이다.,사실형,미정,현재,확실,사실형-미정-현재-확실
또한 KC-330은 14일 중국-미국 안보위원회에 참석하기 위해 우리 대표단을 운반하여 태평양을 건너갈 예정이다.,사실형,미정,미래,불확실,사실형-미정-미래-불확실
시베리아 전염병과 마찬가지로 우리가 이미 알고있는 전염병이나 새로운 감염은 동물 전염을 통해 또는 직접 접촉을 통해 전 세계에 퍼질 수 있다.,대화형,미정,미래,불확실,대화형-미정-미래-불확실
새로운 ESL Pro Tour Starcraft 2는 기존의 Starcraft 2 월드 챔피언십 시리즈의 후계자로 4 개 이상의 대륙을 덮을 것이다.,사실형,미정,미래,확실,사실형-미정-미래-확실
거기 거리가 있나요?,대화형,미정,현재,불확실,대화형-미정-현재-불확실
"KF-X의 운영 대상인 공군은 10월 1일부터 10월 30일까지 한국 유형 전투기 KF-X 지명 지휘부를 통해 제출한 작업에서 지명의 상징성, 호출의 쉬움 및 의미를 고려할 것이며, 공식 지명으로 사용될 것이다.",사실형,미정,미래,확실,사실형-미정-미래-확실
"5월에는 홍콩-프랑크푸르트 경로가 4주에서 5주로 늘어나고, 5월 30일부터 홍콩-런던 경로는 2주에서 3주로 늘어날 예정이다.",사실형,미정,미래,확실,사실형-미정-미래-확실
